Year,State,Sex,Occupation,Count
2014,New South Wales,Male,Managers,329000
2014,New South Wales,Male,Professionals,416600
2014,New South Wales,Male,Technicians and Trades Workers,429500
2014,New South Wales,Male,Community and Personal Service Workers,106900
2014,New South Wales,Male,Clerical and Administrative Workers,120000
2014,New South Wales,Male,Sales Workers,140100
2014,New South Wales,Male,Machinery Operators and Drivers,209700
2014,New South Wales,Male,Labourers,204500
2014,New South Wales,Male,Not employed,0
2014,New South Wales,Female,Managers,188000
2014,New South Wales,Female,Professionals,436300
2014,New South Wales,Female,Technicians and Trades Workers,60500
2014,New South Wales,Female,Community and Personal Service Workers,238800
2014,New South Wales,Female,Clerical and Administrative Workers,382200
2014,New South Wales,Female,Sales Workers,204800
2014,New South Wales,Female,Machinery Operators and Drivers,17300
2014,New South Wales,Female,Labourers,118500
2014,New South Wales,Female,Not employed,0
2014,Victoria,Male,Managers,263500
2014,Victoria,Male,Professionals,327300
2014,Victoria,Male,Technicians and Trades Workers,347000
2014,Victoria,Male,Community and Personal Service Workers,91800
2014,Victoria,Male,Clerical and Administrative Workers,105200
2014,Victoria,Male,Sales Workers,114600
2014,Victoria,Male,Machinery Operators and Drivers,153100
2014,Victoria,Male,Labourers,165200
2014,Victoria,Male,Not employed,0
2014,Victoria,Female,Managers,128100
2014,Victoria,Female,Professionals,387100
2014,Victoria,Female,Technicians and Trades Workers,58600
2014,Victoria,Female,Community and Personal Service Workers,186900
2014,Victoria,Female,Clerical and Administrative Workers,293000
2014,Victoria,Female,Sales Workers,188000
2014,Victoria,Female,Machinery Operators and Drivers,14400
2014,Victoria,Female,Labourers,78300
2014,Victoria,Female,Not employed,0
2014,Queensland,Male,Managers,167900
2014,Queensland,Male,Professionals,203200
2014,Queensland,Male,Technicians and Trades Workers,320000
2014,Queensland,Male,Community and Personal Service Workers,79500
2014,Queensland,Male,Clerical and Administrative Workers,67400
2014,Queensland,Male,Sales Workers,80600
2014,Queensland,Male,Machinery Operators and Drivers,153100
2014,Queensland,Male,Labourers,160800
2014,Queensland,Male,Not employed,0
2014,Queensland,Female,Managers,108900
2014,Queensland,Female,Professionals,239900
2014,Queensland,Female,Technicians and Trades Workers,51500
2014,Queensland,Female,Community and Personal Service Workers,175200
2014,Queensland,Female,Clerical and Administrative Workers,267200
2014,Queensland,Female,Sales Workers,144200
2014,Queensland,Female,Machinery Operators and Drivers,19400
2014,Queensland,Female,Labourers,85400
2014,Queensland,Female,Not employed,0
2014,South Australia,Male,Managers,72800
2014,South Australia,Male,Professionals,78700
2014,South Australia,Male,Technicians and Trades Workers,96100
2014,South Australia,Male,Community and Personal Service Workers,27400
2014,South Australia,Male,Clerical and Administrative Workers,30400
2014,South Australia,Male,Sales Workers,27500
2014,South Australia,Male,Machinery Operators and Drivers,47000
2014,South Australia,Male,Labourers,53600
2014,South Australia,Male,Not employed,0
2014,South Australia,Female,Managers,39000
2014,South Australia,Female,Professionals,89000
2014,South Australia,Female,Technicians and Trades Workers,16300
2014,South Australia,Female,Community and Personal Service Workers,63100
2014,South Australia,Female,Clerical and Administrative Workers,76400
2014,South Australia,Female,Sales Workers,46700
2014,South Australia,Female,Machinery Operators and Drivers,5900
2014,South Australia,Female,Labourers,29200
2014,South Australia,Female,Not employed,0
2014,Western Australia,Male,Managers,108700
2014,Western Australia,Male,Professionals,141400
2014,Western Australia,Male,Technicians and Trades Workers,199500
2014,Western Australia,Male,Community and Personal Service Workers,35700
2014,Western Australia,Male,Clerical and Administrative Workers,36100
2014,Western Australia,Male,Sales Workers,40100
2014,Western Australia,Male,Machinery Operators and Drivers,90400
2014,Western Australia,Male,Labourers,80400
2014,Western Australia,Male,Not employed,0
2014,Western Australia,Female,Managers,52200
2014,Western Australia,Female,Professionals,148500
2014,Western Australia,Female,Technicians and Trades Workers,33800
2014,Western Australia,Female,Community and Personal Service Workers,79100
2014,Western Australia,Female,Clerical and Administrative Workers,140700
2014,Western Australia,Female,Sales Workers,80100
2014,Western Australia,Female,Machinery Operators and Drivers,6300
2014,Western Australia,Female,Labourers,42600
2014,Western Australia,Female,Not employed,0
2014,Tasmania,Male,Managers,16600
2014,Tasmania,Male,Professionals,20200
2014,Tasmania,Male,Technicians and Trades Workers,29400
2014,Tasmania,Male,Community and Personal Service Workers,8000
2014,Tasmania,Male,Clerical and Administrative Workers,9600
2014,Tasmania,Male,Sales Workers,8100
2014,Tasmania,Male,Machinery Operators and Drivers,13900
2014,Tasmania,Male,Labourers,19500
2014,Tasmania,Male,Not employed,0
2014,Tasmania,Female,Managers,10000
2014,Tasmania,Female,Professionals,24300
2014,Tasmania,Female,Technicians and Trades Workers,6000
2014,Tasmania,Female,Community and Personal Service Workers,18700
2014,Tasmania,Female,Clerical and Administrative Workers,25300
2014,Tasmania,Female,Sales Workers,16000
2014,Tasmania,Female,Machinery Operators and Drivers,1100
2014,Tasmania,Female,Labourers,10100
2014,Tasmania,Female,Not employed,0
2014,Northern Territory,Male,Managers,8700
2014,Northern Territory,Male,Professionals,11800
2014,Northern Territory,Male,Technicians and Trades Workers,18500
2014,Northern Territory,Male,Community and Personal Service Workers,7000
2014,Northern Territory,Male,Clerical and Administrative Workers,4800
2014,Northern Territory,Male,Sales Workers,3700
2014,Northern Territory,Male,Machinery Operators and Drivers,7300
2014,Northern Territory,Male,Labourers,6100
2014,Northern Territory,Male,Not employed,0
2014,Northern Territory,Female,Managers,6600
2014,Northern Territory,Female,Professionals,15800
2014,Northern Territory,Female,Technicians and Trades Workers,1800
2014,Northern Territory,Female,Community and Personal Service Workers,8600
2014,Northern Territory,Female,Clerical and Administrative Workers,15000
2014,Northern Territory,Female,Sales Workers,4000
2014,Northern Territory,Female,Machinery Operators and Drivers,300
2014,Northern Territory,Female,Labourers,3300
2014,Northern Territory,Female,Not employed,0
2014,Australian Capital Territory,Male,Managers,19100
2014,Australian Capital Territory,Male,Professionals,33200
2014,Australian Capital Territory,Male,Technicians and Trades Workers,18000
2014,Australian Capital Territory,Male,Community and Personal Service Workers,9700
2014,Australian Capital Territory,Male,Clerical and Administrative Workers,10000
2014,Australian Capital Territory,Male,Sales Workers,5000
2014,Australian Capital Territory,Male,Machinery Operators and Drivers,5800
2014,Australian Capital Territory,Male,Labourers,5600
2014,Australian Capital Territory,Male,Not employed,0
2014,Australian Capital Territory,Female,Managers,13300
2014,Australian Capital Territory,Female,Professionals,35000
2014,Australian Capital Territory,Female,Technicians and Trades Workers,3200
2014,Australian Capital Territory,Female,Community and Personal Service Workers,12100
2014,Australian Capital Territory,Female,Clerical and Administrative Workers,25300
2014,Australian Capital Territory,Female,Sales Workers,8600
2014,Australian Capital Territory,Female,Machinery Operators and Drivers,0
2014,Australian Capital Territory,Female,Labourers,3800
2014,Australian Capital Territory,Female,Not employed,0
2014,Total,Male,Managers,988600
2014,Total,Male,Professionals,1230100
2014,Total,Male,Technicians and Trades Workers,1459500
2014,Total,Male,Community and Personal Service Workers,357600
2014,Total,Male,Clerical and Administrative Workers,382800
2014,Total,Male,Sales Workers,414900
2014,Total,Male,Machinery Operators and Drivers,682100
2014,Total,Male,Labourers,694800
2014,Total,Male,Not employed,0
2014,Total,Female,Managers,548300
2014,Total,Female,Professionals,1374300
2014,Total,Female,Technicians and Trades Workers,233100
2014,Total,Female,Community and Personal Service Workers,781700
2014,Total,Female,Clerical and Administrative Workers,1225700
2014,Total,Female,Sales Workers,690200
2014,Total,Female,Machinery Operators and Drivers,66500
2014,Total,Female,Labourers,373100
2014,Total,Female,Not employed,0
2015,New South Wales,Male,Managers,332200
2015,New South Wales,Male,Professionals,429700
2015,New South Wales,Male,Technicians and Trades Workers,429000
2015,New South Wales,Male,Community and Personal Service Workers,122000
2015,New South Wales,Male,Clerical and Administrative Workers,141400
2015,New South Wales,Male,Sales Workers,125800
2015,New South Wales,Male,Machinery Operators and Drivers,204500
2015,New South Wales,Male,Labourers,217400
2015,New South Wales,Male,Not employed,0
2015,New South Wales,Female,Managers,182000
2015,New South Wales,Female,Professionals,478000
2015,New South Wales,Female,Technicians and Trades Workers,75100
2015,New South Wales,Female,Community and Personal Service Workers,257300
2015,New South Wales,Female,Clerical and Administrative Workers,389600
2015,New South Wales,Female,Sales Workers,215200
2015,New South Wales,Female,Machinery Operators and Drivers,19400
2015,New South Wales,Female,Labourers,104000
2015,New South Wales,Female,Not employed,0
2015,Victoria,Male,Managers,267500
2015,Victoria,Male,Professionals,341800
2015,Victoria,Male,Technicians and Trades Workers,329000
2015,Victoria,Male,Community and Personal Service Workers,112800
2015,Victoria,Male,Clerical and Administrative Workers,112600
2015,Victoria,Male,Sales Workers,114300
2015,Victoria,Male,Machinery Operators and Drivers,151500
2015,Victoria,Male,Labourers,182100
2015,Victoria,Male,Not employed,0
2015,Victoria,Female,Managers,166100
2015,Victoria,Female,Professionals,381600
2015,Victoria,Female,Technicians and Trades Workers,55500
2015,Victoria,Female,Community and Personal Service Workers,204700
2015,Victoria,Female,Clerical and Administrative Workers,279500
2015,Victoria,Female,Sales Workers,180000
2015,Victoria,Female,Machinery Operators and Drivers,21300
2015,Victoria,Female,Labourers,82500
2015,Victoria,Female,Not employed,0
2015,Queensland,Male,Managers,161900
2015,Queensland,Male,Professionals,227100
2015,Queensland,Male,Technicians and Trades Workers,331100
2015,Queensland,Male,Community and Personal Service Workers,71800
2015,Queensland,Male,Clerical and Administrative Workers,69100
2015,Queensland,Male,Sales Workers,94600
2015,Queensland,Male,Machinery Operators and Drivers,137800
2015,Queensland,Male,Labourers,144500
2015,Queensland,Male,Not employed,0
2015,Queensland,Female,Managers,110900
2015,Queensland,Female,Professionals,266000
2015,Queensland,Female,Technicians and Trades Workers,56300
2015,Queensland,Female,Community and Personal Service Workers,179400
2015,Queensland,Female,Clerical and Administrative Workers,252500
2015,Queensland,Female,Sales Workers,142200
2015,Queensland,Female,Machinery Operators and Drivers,15200
2015,Queensland,Female,Labourers,83400
2015,Queensland,Female,Not employed,0
2015,South Australia,Male,Managers,74500
2015,South Australia,Male,Professionals,78100
2015,South Australia,Male,Technicians and Trades Workers,92400
2015,South Australia,Male,Community and Personal Service Workers,20700
2015,South Australia,Male,Clerical and Administrative Workers,26400
2015,South Australia,Male,Sales Workers,27200
2015,South Australia,Male,Machinery Operators and Drivers,45200
2015,South Australia,Male,Labourers,56000
2015,South Australia,Male,Not employed,0
2015,South Australia,Female,Managers,34900
2015,South Australia,Female,Professionals,96100
2015,South Australia,Female,Technicians and Trades Workers,21100
2015,South Australia,Female,Community and Personal Service Workers,62700
2015,South Australia,Female,Clerical and Administrative Workers,79100
2015,South Australia,Female,Sales Workers,51100
2015,South Australia,Female,Machinery Operators and Drivers,4500
2015,South Australia,Female,Labourers,30400
2015,South Australia,Female,Not employed,0
2015,Western Australia,Male,Managers,90500
2015,Western Australia,Male,Professionals,139700
2015,Western Australia,Male,Technicians and Trades Workers,202300
2015,Western Australia,Male,Community and Personal Service Workers,47600
2015,Western Australia,Male,Clerical and Administrative Workers,30500
2015,Western Australia,Male,Sales Workers,39200
2015,Western Australia,Male,Machinery Operators and Drivers,84200
2015,Western Australia,Male,Labourers,94600
2015,Western Australia,Male,Not employed,0
2015,Western Australia,Female,Managers,48200
2015,Western Australia,Female,Professionals,158800
2015,Western Australia,Female,Technicians and Trades Workers,37400
2015,Western Australia,Female,Community and Personal Service Workers,88000
2015,Western Australia,Female,Clerical and Administrative Workers,132800
2015,Western Australia,Female,Sales Workers,72600
2015,Western Australia,Female,Machinery Operators and Drivers,9200
2015,Western Australia,Female,Labourers,38700
2015,Western Australia,Female,Not employed,0
2015,Tasmania,Male,Managers,18100
2015,Tasmania,Male,Professionals,21100
2015,Tasmania,Male,Technicians and Trades Workers,30400
2015,Tasmania,Male,Community and Personal Service Workers,8700
2015,Tasmania,Male,Clerical and Administrative Workers,7900
2015,Tasmania,Male,Sales Workers,10200
2015,Tasmania,Male,Machinery Operators and Drivers,15900
2015,Tasmania,Male,Labourers,18000
2015,Tasmania,Male,Not employed,0
2015,Tasmania,Female,Managers,10600
2015,Tasmania,Female,Professionals,25100
2015,Tasmania,Female,Technicians and Trades Workers,4800
2015,Tasmania,Female,Community and Personal Service Workers,20100
2015,Tasmania,Female,Clerical and Administrative Workers,25600
2015,Tasmania,Female,Sales Workers,14800
2015,Tasmania,Female,Machinery Operators and Drivers,1100
2015,Tasmania,Female,Labourers,11000
2015,Tasmania,Female,Not employed,0
2015,Northern Territory,Male,Managers,9500
2015,Northern Territory,Male,Professionals,10600
2015,Northern Territory,Male,Technicians and Trades Workers,21400
2015,Northern Territory,Male,Community and Personal Service Workers,5000
2015,Northern Territory,Male,Clerical and Administrative Workers,4300
2015,Northern Territory,Male,Sales Workers,3500
2015,Northern Territory,Male,Machinery Operators and Drivers,9400
2015,Northern Territory,Male,Labourers,7300
2015,Northern Territory,Male,Not employed,0
2015,Northern Territory,Female,Managers,6300
2015,Northern Territory,Female,Professionals,14300
2015,Northern Territory,Female,Technicians and Trades Workers,2700
2015,Northern Territory,Female,Community and Personal Service Workers,10500
2015,Northern Territory,Female,Clerical and Administrative Workers,14400
2015,Northern Territory,Female,Sales Workers,5500
2015,Northern Territory,Female,Machinery Operators and Drivers,900
2015,Northern Territory,Female,Labourers,4500
2015,Northern Territory,Female,Not employed,0
2015,Australian Capital Territory,Male,Managers,18000
2015,Australian Capital Territory,Male,Professionals,30600
2015,Australian Capital Territory,Male,Technicians and Trades Workers,21300
2015,Australian Capital Territory,Male,Community and Personal Service Workers,7100
2015,Australian Capital Territory,Male,Clerical and Administrative Workers,13400
2015,Australian Capital Territory,Male,Sales Workers,4300
2015,Australian Capital Territory,Male,Machinery Operators and Drivers,2700
2015,Australian Capital Territory,Male,Labourers,9800
2015,Australian Capital Territory,Male,Not employed,0
2015,Australian Capital Territory,Female,Managers,12200
2015,Australian Capital Territory,Female,Professionals,37000
2015,Australian Capital Territory,Female,Technicians and Trades Workers,3100
2015,Australian Capital Territory,Female,Community and Personal Service Workers,9500
2015,Australian Capital Territory,Female,Clerical and Administrative Workers,29300
2015,Australian Capital Territory,Female,Sales Workers,8700
2015,Australian Capital Territory,Female,Machinery Operators and Drivers,0
2015,Australian Capital Territory,Female,Labourers,4600
2015,Australian Capital Territory,Female,Not employed,0
2015,Total,Male,Managers,973000
2015,Total,Male,Professionals,1274000
2015,Total,Male,Technicians and Trades Workers,1457400
2015,Total,Male,Community and Personal Service Workers,394100
2015,Total,Male,Clerical and Administrative Workers,405800
2015,Total,Male,Sales Workers,418200
2015,Total,Male,Machinery Operators and Drivers,656600
2015,Total,Male,Labourers,729900
2015,Total,Male,Not employed,0
2015,Total,Female,Managers,574600
2015,Total,Female,Professionals,1457000
2015,Total,Female,Technicians and Trades Workers,247900
2015,Total,Female,Community and Personal Service Workers,826600
2015,Total,Female,Clerical and Administrative Workers,1202800
2015,Total,Female,Sales Workers,687700
2015,Total,Female,Machinery Operators and Drivers,74500
2015,Total,Female,Labourers,363300
2015,Total,Female,Not employed,0
2016,New South Wales,Male,Managers,306700
2016,New South Wales,Male,Professionals,455400
2016,New South Wales,Male,Technicians and Trades Workers,409100
2016,New South Wales,Male,Community and Personal Service Workers,132100
2016,New South Wales,Male,Clerical and Administrative Workers,156100
2016,New South Wales,Male,Sales Workers,131500
2016,New South Wales,Male,Machinery Operators and Drivers,214200
2016,New South Wales,Male,Labourers,230900
2016,New South Wales,Male,Not employed,0
2016,New South Wales,Female,Managers,165800
2016,New South Wales,Female,Professionals,538700
2016,New South Wales,Female,Technicians and Trades Workers,68800
2016,New South Wales,Female,Community and Personal Service Workers,276800
2016,New South Wales,Female,Clerical and Administrative Workers,393700
2016,New South Wales,Female,Sales Workers,181900
2016,New South Wales,Female,Machinery Operators and Drivers,19500
2016,New South Wales,Female,Labourers,121400
2016,New South Wales,Female,Not employed,0
2016,Victoria,Male,Managers,267800
2016,Victoria,Male,Professionals,341800
2016,Victoria,Male,Technicians and Trades Workers,354000
2016,Victoria,Male,Community and Personal Service Workers,106000
2016,Victoria,Male,Clerical and Administrative Workers,125600
2016,Victoria,Male,Sales Workers,111400
2016,Victoria,Male,Machinery Operators and Drivers,167200
2016,Victoria,Male,Labourers,210800
2016,Victoria,Male,Not employed,0
2016,Victoria,Female,Managers,154100
2016,Victoria,Female,Professionals,392300
2016,Victoria,Female,Technicians and Trades Workers,64700
2016,Victoria,Female,Community and Personal Service Workers,220100
2016,Victoria,Female,Clerical and Administrative Workers,306000
2016,Victoria,Female,Sales Workers,175000
2016,Victoria,Female,Machinery Operators and Drivers,17000
2016,Victoria,Female,Labourers,97600
2016,Victoria,Female,Not employed,0
2016,Queensland,Male,Managers,176800
2016,Queensland,Male,Professionals,224600
2016,Queensland,Male,Technicians and Trades Workers,308400
2016,Queensland,Male,Community and Personal Service Workers,68500
2016,Queensland,Male,Clerical and Administrative Workers,65200
2016,Queensland,Male,Sales Workers,93300
2016,Queensland,Male,Machinery Operators and Drivers,141200
2016,Queensland,Male,Labourers,157800
2016,Queensland,Male,Not employed,0
2016,Queensland,Female,Managers,98900
2016,Queensland,Female,Professionals,291600
2016,Queensland,Female,Technicians and Trades Workers,57400
2016,Queensland,Female,Community and Personal Service Workers,169300
2016,Queensland,Female,Clerical and Administrative Workers,272700
2016,Queensland,Female,Sales Workers,119300
2016,Queensland,Female,Machinery Operators and Drivers,14700
2016,Queensland,Female,Labourers,76100
2016,Queensland,Female,Not employed,0
2016,South Australia,Male,Managers,65900
2016,South Australia,Male,Professionals,74800
2016,South Australia,Male,Technicians and Trades Workers,93500
2016,South Australia,Male,Community and Personal Service Workers,27100
2016,South Australia,Male,Clerical and Administrative Workers,23700
2016,South Australia,Male,Sales Workers,29500
2016,South Australia,Male,Machinery Operators and Drivers,46700
2016,South Australia,Male,Labourers,66500
2016,South Australia,Male,Not employed,0
2016,South Australia,Female,Managers,37000
2016,South Australia,Female,Professionals,89800
2016,South Australia,Female,Technicians and Trades Workers,16600
2016,South Australia,Female,Community and Personal Service Workers,66300
2016,South Australia,Female,Clerical and Administrative Workers,83600
2016,South Australia,Female,Sales Workers,54000
2016,South Australia,Female,Machinery Operators and Drivers,3300
2016,South Australia,Female,Labourers,31400
2016,South Australia,Female,Not employed,0
2016,Western Australia,Male,Managers,103500
2016,Western Australia,Male,Professionals,122300
2016,Western Australia,Male,Technicians and Trades Workers,176000
2016,Western Australia,Male,Community and Personal Service Workers,39700
2016,Western Australia,Male,Clerical and Administrative Workers,42600
2016,Western Australia,Male,Sales Workers,34900
2016,Western Australia,Male,Machinery Operators and Drivers,91700
2016,Western Australia,Male,Labourers,86600
2016,Western Australia,Male,Not employed,0
2016,Western Australia,Female,Managers,50800
2016,Western Australia,Female,Professionals,151200
2016,Western Australia,Female,Technicians and Trades Workers,33300
2016,Western Australia,Female,Community and Personal Service Workers,102600
2016,Western Australia,Female,Clerical and Administrative Workers,120300
2016,Western Australia,Female,Sales Workers,77300
2016,Western Australia,Female,Machinery Operators and Drivers,9600
2016,Western Australia,Female,Labourers,44000
2016,Western Australia,Female,Not employed,0
2016,Tasmania,Male,Managers,16900
2016,Tasmania,Male,Professionals,20600
2016,Tasmania,Male,Technicians and Trades Workers,34800
2016,Tasmania,Male,Community and Personal Service Workers,7200
2016,Tasmania,Male,Clerical and Administrative Workers,7100
2016,Tasmania,Male,Sales Workers,9000
2016,Tasmania,Male,Machinery Operators and Drivers,11500
2016,Tasmania,Male,Labourers,17800
2016,Tasmania,Male,Not employed,0
2016,Tasmania,Female,Managers,11500
2016,Tasmania,Female,Professionals,22000
2016,Tasmania,Female,Technicians and Trades Workers,6300
2016,Tasmania,Female,Community and Personal Service Workers,22500
2016,Tasmania,Female,Clerical and Administrative Workers,24100
2016,Tasmania,Female,Sales Workers,11300
2016,Tasmania,Female,Machinery Operators and Drivers,1600
2016,Tasmania,Female,Labourers,11800
2016,Tasmania,Female,Not employed,0
2016,Northern Territory,Male,Managers,9800
2016,Northern Territory,Male,Professionals,11200
2016,Northern Territory,Male,Technicians and Trades Workers,19800
2016,Northern Territory,Male,Community and Personal Service Workers,7500
2016,Northern Territory,Male,Clerical and Administrative Workers,4900
2016,Northern Territory,Male,Sales Workers,3300
2016,Northern Territory,Male,Machinery Operators and Drivers,7100
2016,Northern Territory,Male,Labourers,6700
2016,Northern Territory,Male,Not employed,0
2016,Northern Territory,Female,Managers,6000
2016,Northern Territory,Female,Professionals,15500
2016,Northern Territory,Female,Technicians and Trades Workers,3400
2016,Northern Territory,Female,Community and Personal Service Workers,9500
2016,Northern Territory,Female,Clerical and Administrative Workers,14500
2016,Northern Territory,Female,Sales Workers,5800
2016,Northern Territory,Female,Machinery Operators and Drivers,600
2016,Northern Territory,Female,Labourers,3200
2016,Northern Territory,Female,Not employed,0
2016,Australian Capital Territory,Male,Managers,16400
2016,Australian Capital Territory,Male,Professionals,37600
2016,Australian Capital Territory,Male,Technicians and Trades Workers,18700
2016,Australian Capital Territory,Male,Community and Personal Service Workers,9100
2016,Australian Capital Territory,Male,Clerical and Administrative Workers,14700
2016,Australian Capital Territory,Male,Sales Workers,5300
2016,Australian Capital Territory,Male,Machinery Operators and Drivers,3500
2016,Australian Capital Territory,Male,Labourers,6500
2016,Australian Capital Territory,Male,Not employed,0
2016,Australian Capital Territory,Female,Managers,11100
2016,Australian Capital Territory,Female,Professionals,39100
2016,Australian Capital Territory,Female,Technicians and Trades Workers,3800
2016,Australian Capital Territory,Female,Community and Personal Service Workers,12300
2016,Australian Capital Territory,Female,Clerical and Administrative Workers,29700
2016,Australian Capital Territory,Female,Sales Workers,6800
2016,Australian Capital Territory,Female,Machinery Operators and Drivers,0
2016,Australian Capital Territory,Female,Labourers,3600
2016,Australian Capital Territory,Female,Not employed,0
2016,Total,Male,Managers,965900
2016,Total,Male,Professionals,1287800
2016,Total,Male,Technicians and Trades Workers,1414900
2016,Total,Male,Community and Personal Service Workers,397800
2016,Total,Male,Clerical and Administrative Workers,440300
2016,Total,Male,Sales Workers,415300
2016,Total,Male,Machinery Operators and Drivers,683300
2016,Total,Male,Labourers,785400
2016,Total,Male,Not employed,0
2016,Total,Female,Managers,539400
2016,Total,Female,Professionals,1542100
2016,Total,Female,Technicians and Trades Workers,256200
2016,Total,Female,Community and Personal Service Workers,875900
2016,Total,Female,Clerical and Administrative Workers,1248900
2016,Total,Female,Sales Workers,634000
2016,Total,Female,Machinery Operators and Drivers,71700
2016,Total,Female,Labourers,386900
2016,Total,Female,Not employed,0
2017,New South Wales,Male,Managers,311200
2017,New South Wales,Male,Professionals,468900
2017,New South Wales,Male,Technicians and Trades Workers,440300
2017,New South Wales,Male,Community and Personal Service Workers,125000
2017,New South Wales,Male,Clerical and Administrative Workers,132100
2017,New South Wales,Male,Sales Workers,138400
2017,New South Wales,Male,Machinery Operators and Drivers,228000
2017,New South Wales,Male,Labourers,221900
2017,New South Wales,Male,Not employed,0
2017,New South Wales,Female,Managers,187600
2017,New South Wales,Female,Professionals,538100
2017,New South Wales,Female,Technicians and Trades Workers,75200
2017,New South Wales,Female,Community and Personal Service Workers,248500
2017,New South Wales,Female,Clerical and Administrative Workers,386300
2017,New South Wales,Female,Sales Workers,218100
2017,New South Wales,Female,Machinery Operators and Drivers,24900
2017,New South Wales,Female,Labourers,131300
2017,New South Wales,Female,Not employed,0
2017,Victoria,Male,Managers,278800
2017,Victoria,Male,Professionals,355500
2017,Victoria,Male,Technicians and Trades Workers,385200
2017,Victoria,Male,Community and Personal Service Workers,92500
2017,Victoria,Male,Clerical and Administrative Workers,102600
2017,Victoria,Male,Sales Workers,118000
2017,Victoria,Male,Machinery Operators and Drivers,173100
2017,Victoria,Male,Labourers,203500
2017,Victoria,Male,Not employed,0
2017,Victoria,Female,Managers,162400
2017,Victoria,Female,Professionals,445900
2017,Victoria,Female,Technicians and Trades Workers,63600
2017,Victoria,Female,Community and Personal Service Workers,233200
2017,Victoria,Female,Clerical and Administrative Workers,303100
2017,Victoria,Female,Sales Workers,163700
2017,Victoria,Female,Machinery Operators and Drivers,21600
2017,Victoria,Female,Labourers,92400
2017,Victoria,Female,Not employed,0
2017,Queensland,Male,Managers,166400
2017,Queensland,Male,Professionals,229500
2017,Queensland,Male,Technicians and Trades Workers,315500
2017,Queensland,Male,Community and Personal Service Workers,83500
2017,Queensland,Male,Clerical and Administrative Workers,76100
2017,Queensland,Male,Sales Workers,97000
2017,Queensland,Male,Machinery Operators and Drivers,143900
2017,Queensland,Male,Labourers,166100
2017,Queensland,Male,Not employed,0
2017,Queensland,Female,Managers,108400
2017,Queensland,Female,Professionals,282100
2017,Queensland,Female,Technicians and Trades Workers,45600
2017,Queensland,Female,Community and Personal Service Workers,224800
2017,Queensland,Female,Clerical and Administrative Workers,245900
2017,Queensland,Female,Sales Workers,144800
2017,Queensland,Female,Machinery Operators and Drivers,11900
2017,Queensland,Female,Labourers,86400
2017,Queensland,Female,Not employed,0
2017,South Australia,Male,Managers,65700
2017,South Australia,Male,Professionals,76100
2017,South Australia,Male,Technicians and Trades Workers,91500
2017,South Australia,Male,Community and Personal Service Workers,31400
2017,South Australia,Male,Clerical and Administrative Workers,30100
2017,South Australia,Male,Sales Workers,31900
2017,South Australia,Male,Machinery Operators and Drivers,49000
2017,South Australia,Male,Labourers,62700
2017,South Australia,Male,Not employed,0
2017,South Australia,Female,Managers,38600
2017,South Australia,Female,Professionals,90800
2017,South Australia,Female,Technicians and Trades Workers,19700
2017,South Australia,Female,Community and Personal Service Workers,71000
2017,South Australia,Female,Clerical and Administrative Workers,87300
2017,South Australia,Female,Sales Workers,47300
2017,South Australia,Female,Machinery Operators and Drivers,3700
2017,South Australia,Female,Labourers,31300
2017,South Australia,Female,Not employed,0
2017,Western Australia,Male,Managers,98300
2017,Western Australia,Male,Professionals,131700
2017,Western Australia,Male,Technicians and Trades Workers,200800
2017,Western Australia,Male,Community and Personal Service Workers,37000
2017,Western Australia,Male,Clerical and Administrative Workers,37700
2017,Western Australia,Male,Sales Workers,43300
2017,Western Australia,Male,Machinery Operators and Drivers,93100
2017,Western Australia,Male,Labourers,88700
2017,Western Australia,Male,Not employed,0
2017,Western Australia,Female,Managers,56000
2017,Western Australia,Female,Professionals,159900
2017,Western Australia,Female,Technicians and Trades Workers,39400
2017,Western Australia,Female,Community and Personal Service Workers,103100
2017,Western Australia,Female,Clerical and Administrative Workers,122500
2017,Western Australia,Female,Sales Workers,64600
2017,Western Australia,Female,Machinery Operators and Drivers,13100
2017,Western Australia,Female,Labourers,47200
2017,Western Australia,Female,Not employed,0
2017,Tasmania,Male,Managers,19300
2017,Tasmania,Male,Professionals,20100
2017,Tasmania,Male,Technicians and Trades Workers,35400
2017,Tasmania,Male,Community and Personal Service Workers,9400
2017,Tasmania,Male,Clerical and Administrative Workers,7600
2017,Tasmania,Male,Sales Workers,6900
2017,Tasmania,Male,Machinery Operators and Drivers,16300
2017,Tasmania,Male,Labourers,15700
2017,Tasmania,Male,Not employed,0
2017,Tasmania,Female,Managers,11200
2017,Tasmania,Female,Professionals,27600
2017,Tasmania,Female,Technicians and Trades Workers,6500
2017,Tasmania,Female,Community and Personal Service Workers,21500
2017,Tasmania,Female,Clerical and Administrative Workers,24500
2017,Tasmania,Female,Sales Workers,16700
2017,Tasmania,Female,Machinery Operators and Drivers,1500
2017,Tasmania,Female,Labourers,10700
2017,Tasmania,Female,Not employed,0
2017,Northern Territory,Male,Managers,10300
2017,Northern Territory,Male,Professionals,9700
2017,Northern Territory,Male,Technicians and Trades Workers,18000
2017,Northern Territory,Male,Community and Personal Service Workers,7200
2017,Northern Territory,Male,Clerical and Administrative Workers,4400
2017,Northern Territory,Male,Sales Workers,3100
2017,Northern Territory,Male,Machinery Operators and Drivers,7700
2017,Northern Territory,Male,Labourers,8500
2017,Northern Territory,Male,Not employed,0
2017,Northern Territory,Female,Managers,5100
2017,Northern Territory,Female,Professionals,17800
2017,Northern Territory,Female,Technicians and Trades Workers,1300
2017,Northern Territory,Female,Community and Personal Service Workers,9900
2017,Northern Territory,Female,Clerical and Administrative Workers,15800
2017,Northern Territory,Female,Sales Workers,6100
2017,Northern Territory,Female,Machinery Operators and Drivers,200
2017,Northern Territory,Female,Labourers,2800
2017,Northern Territory,Female,Not employed,0
2017,Australian Capital Territory,Male,Managers,17900
2017,Australian Capital Territory,Male,Professionals,40100
2017,Australian Capital Territory,Male,Technicians and Trades Workers,17300
2017,Australian Capital Territory,Male,Community and Personal Service Workers,10700
2017,Australian Capital Territory,Male,Clerical and Administrative Workers,9600
2017,Australian Capital Territory,Male,Sales Workers,6800
2017,Australian Capital Territory,Male,Machinery Operators and Drivers,5000
2017,Australian Capital Territory,Male,Labourers,7700
2017,Australian Capital Territory,Male,Not employed,0
2017,Australian Capital Territory,Female,Managers,11900
2017,Australian Capital Territory,Female,Professionals,40800
2017,Australian Capital Territory,Female,Technicians and Trades Workers,3800
2017,Australian Capital Territory,Female,Community and Personal Service Workers,16700
2017,Australian Capital Territory,Female,Clerical and Administrative Workers,27100
2017,Australian Capital Territory,Female,Sales Workers,9800
2017,Australian Capital Territory,Female,Machinery Operators and Drivers,600
2017,Australian Capital Territory,Female,Labourers,3500
2017,Australian Capital Territory,Female,Not employed,0
2017,Total,Male,Managers,971500
2017,Total,Male,Professionals,1333500
2017,Total,Male,Technicians and Trades Workers,1507300
2017,Total,Male,Community and Personal Service Workers,395600
2017,Total,Male,Clerical and Administrative Workers,398800
2017,Total,Male,Sales Workers,443400
2017,Total,Male,Machinery Operators and Drivers,715800
2017,Total,Male,Labourers,777900
2017,Total,Male,Not employed,0
2017,Total,Female,Managers,580300
2017,Total,Female,Professionals,1603700
2017,Total,Female,Technicians and Trades Workers,255000
2017,Total,Female,Community and Personal Service Workers,927000
2017,Total,Female,Clerical and Administrative Workers,1214400
2017,Total,Female,Sales Workers,669900
2017,Total,Female,Machinery Operators and Drivers,73000
2017,Total,Female,Labourers,404900
2017,Total,Female,Not employed,0
2018,New South Wales,Male,Managers,336400
2018,New South Wales,Male,Professionals,473000
2018,New South Wales,Male,Technicians and Trades Workers,457000
2018,New South Wales,Male,Community and Personal Service Workers,103400
2018,New South Wales,Male,Clerical and Administrative Workers,143600
2018,New South Wales,Male,Sales Workers,140200
2018,New South Wales,Male,Machinery Operators and Drivers,220100
2018,New South Wales,Male,Labourers,248500
2018,New South Wales,Male,Not employed,0
2018,New South Wales,Female,Managers,187900
2018,New South Wales,Female,Professionals,559000
2018,New South Wales,Female,Technicians and Trades Workers,70600
2018,New South Wales,Female,Community and Personal Service Workers,279200
2018,New South Wales,Female,Clerical and Administrative Workers,424600
2018,New South Wales,Female,Sales Workers,220800
2018,New South Wales,Female,Machinery Operators and Drivers,23700
2018,New South Wales,Female,Labourers,110300
2018,New South Wales,Female,Not employed,0
2018,Victoria,Male,Managers,270700
2018,Victoria,Male,Professionals,373600
2018,Victoria,Male,Technicians and Trades Workers,407700
2018,Victoria,Male,Community and Personal Service Workers,106600
2018,Victoria,Male,Clerical and Administrative Workers,119700
2018,Victoria,Male,Sales Workers,108100
2018,Victoria,Male,Machinery Operators and Drivers,182900
2018,Victoria,Male,Labourers,185800
2018,Victoria,Male,Not employed,0
2018,Victoria,Female,Managers,162900
2018,Victoria,Female,Professionals,452800
2018,Victoria,Female,Technicians and Trades Workers,66700
2018,Victoria,Female,Community and Personal Service Workers,228500
2018,Victoria,Female,Clerical and Administrative Workers,304200
2018,Victoria,Female,Sales Workers,177100
2018,Victoria,Female,Machinery Operators and Drivers,16800
2018,Victoria,Female,Labourers,106200
2018,Victoria,Female,Not employed,0
2018,Queensland,Male,Managers,178300
2018,Queensland,Male,Professionals,225700
2018,Queensland,Male,Technicians and Trades Workers,310400
2018,Queensland,Male,Community and Personal Service Workers,74100
2018,Queensland,Male,Clerical and Administrative Workers,91600
2018,Queensland,Male,Sales Workers,77200
2018,Queensland,Male,Machinery Operators and Drivers,171800
2018,Queensland,Male,Labourers,167800
2018,Queensland,Male,Not employed,0
2018,Queensland,Female,Managers,98200
2018,Queensland,Female,Professionals,298500
2018,Queensland,Female,Technicians and Trades Workers,48200
2018,Queensland,Female,Community and Personal Service Workers,198100
2018,Queensland,Female,Clerical and Administrative Workers,274800
2018,Queensland,Female,Sales Workers,146100
2018,Queensland,Female,Machinery Operators and Drivers,19600
2018,Queensland,Female,Labourers,87400
2018,Queensland,Female,Not employed,0
2018,South Australia,Male,Managers,66500
2018,South Australia,Male,Professionals,77900
2018,South Australia,Male,Technicians and Trades Workers,103300
2018,South Australia,Male,Community and Personal Service Workers,31100
2018,South Australia,Male,Clerical and Administrative Workers,23300
2018,South Australia,Male,Sales Workers,27800
2018,South Australia,Male,Machinery Operators and Drivers,53500
2018,South Australia,Male,Labourers,63300
2018,South Australia,Male,Not employed,0
2018,South Australia,Female,Managers,38100
2018,South Australia,Female,Professionals,103400
2018,South Australia,Female,Technicians and Trades Workers,19400
2018,South Australia,Female,Community and Personal Service Workers,75400
2018,South Australia,Female,Clerical and Administrative Workers,80800
2018,South Australia,Female,Sales Workers,44100
2018,South Australia,Female,Machinery Operators and Drivers,2300
2018,South Australia,Female,Labourers,36000
2018,South Australia,Female,Not employed,0
2018,Western Australia,Male,Managers,103200
2018,Western Australia,Male,Professionals,133500
2018,Western Australia,Male,Technicians and Trades Workers,194500
2018,Western Australia,Male,Community and Personal Service Workers,35300
2018,Western Australia,Male,Clerical and Administrative Workers,47600
2018,Western Australia,Male,Sales Workers,45100
2018,Western Australia,Male,Machinery Operators and Drivers,97100
2018,Western Australia,Male,Labourers,82700
2018,Western Australia,Male,Not employed,0
2018,Western Australia,Female,Managers,55400
2018,Western Australia,Female,Professionals,168100
2018,Western Australia,Female,Technicians and Trades Workers,32900
2018,Western Australia,Female,Community and Personal Service Workers,94600
2018,Western Australia,Female,Clerical and Administrative Workers,140900
2018,Western Australia,Female,Sales Workers,64900
2018,Western Australia,Female,Machinery Operators and Drivers,11300
2018,Western Australia,Female,Labourers,48900
2018,Western Australia,Female,Not employed,0
2018,Tasmania,Male,Managers,18500
2018,Tasmania,Male,Professionals,23100
2018,Tasmania,Male,Technicians and Trades Workers,36100
2018,Tasmania,Male,Community and Personal Service Workers,8700
2018,Tasmania,Male,Clerical and Administrative Workers,8600
2018,Tasmania,Male,Sales Workers,7100
2018,Tasmania,Male,Machinery Operators and Drivers,13700
2018,Tasmania,Male,Labourers,18900
2018,Tasmania,Male,Not employed,0
2018,Tasmania,Female,Managers,9300
2018,Tasmania,Female,Professionals,31500
2018,Tasmania,Female,Technicians and Trades Workers,6400
2018,Tasmania,Female,Community and Personal Service Workers,24400
2018,Tasmania,Female,Clerical and Administrative Workers,22700
2018,Tasmania,Female,Sales Workers,14200
2018,Tasmania,Female,Machinery Operators and Drivers,1700
2018,Tasmania,Female,Labourers,12300
2018,Tasmania,Female,Not employed,0
2018,Northern Territory,Male,Managers,9300
2018,Northern Territory,Male,Professionals,9400
2018,Northern Territory,Male,Technicians and Trades Workers,20500
2018,Northern Territory,Male,Community and Personal Service Workers,6400
2018,Northern Territory,Male,Clerical and Administrative Workers,3800
2018,Northern Territory,Male,Sales Workers,2600
2018,Northern Territory,Male,Machinery Operators and Drivers,5800
2018,Northern Territory,Male,Labourers,8800
2018,Northern Territory,Male,Not employed,0
2018,Northern Territory,Female,Managers,7700
2018,Northern Territory,Female,Professionals,13600
2018,Northern Territory,Female,Technicians and Trades Workers,2700
2018,Northern Territory,Female,Community and Personal Service Workers,9000
2018,Northern Territory,Female,Clerical and Administrative Workers,15000
2018,Northern Territory,Female,Sales Workers,5000
2018,Northern Territory,Female,Machinery Operators and Drivers,600
2018,Northern Territory,Female,Labourers,5200
2018,Northern Territory,Female,Not employed,0
2018,Australian Capital Territory,Male,Managers,19700
2018,Australian Capital Territory,Male,Professionals,37400
2018,Australian Capital Territory,Male,Technicians and Trades Workers,20700
2018,Australian Capital Territory,Male,Community and Personal Service Workers,8200
2018,Australian Capital Territory,Male,Clerical and Administrative Workers,13400
2018,Australian Capital Territory,Male,Sales Workers,5700
2018,Australian Capital Territory,Male,Machinery Operators and Drivers,6700
2018,Australian Capital Territory,Male,Labourers,9100
2018,Australian Capital Territory,Male,Not employed,0
2018,Australian Capital Territory,Female,Managers,15500
2018,Australian Capital Territory,Female,Professionals,36000
2018,Australian Capital Territory,Female,Technicians and Trades Workers,4800
2018,Australian Capital Territory,Female,Community and Personal Service Workers,14900
2018,Australian Capital Territory,Female,Clerical and Administrative Workers,26800
2018,Australian Capital Territory,Female,Sales Workers,11400
2018,Australian Capital Territory,Female,Machinery Operators and Drivers,800
2018,Australian Capital Territory,Female,Labourers,4500
2018,Australian Capital Territory,Female,Not employed,0
2018,Total,Male,Managers,1001100
2018,Total,Male,Professionals,1351500
2018,Total,Male,Technicians and Trades Workers,1550800
2018,Total,Male,Community and Personal Service Workers,375600
2018,Total,Male,Clerical and Administrative Workers,452800
2018,Total,Male,Sales Workers,412300
2018,Total,Male,Machinery Operators and Drivers,750300
2018,Total,Male,Labourers,788200
2018,Total,Male,Not employed,0
2018,Total,Female,Managers,575200
2018,Total,Female,Professionals,1660300
2018,Total,Female,Technicians and Trades Workers,250100
2018,Total,Female,Community and Personal Service Workers,923000
2018,Total,Female,Clerical and Administrative Workers,1290600
2018,Total,Female,Sales Workers,682200
2018,Total,Female,Machinery Operators and Drivers,79200
2018,Total,Female,Labourers,411000
2018,Total,Female,Not employed,0
2019,New South Wales,Male,Managers,310400
2019,New South Wales,Male,Professionals,514600
2019,New South Wales,Male,Technicians and Trades Workers,450700
2019,New South Wales,Male,Community and Personal Service Workers,128900
2019,New South Wales,Male,Clerical and Administrative Workers,174300
2019,New South Wales,Male,Sales Workers,130200
2019,New South Wales,Male,Machinery Operators and Drivers,227100
2019,New South Wales,Male,Labourers,254000
2019,New South Wales,Male,Not employed,0
2019,New South Wales,Female,Managers,198400
2019,New South Wales,Female,Professionals,583600
2019,New South Wales,Female,Technicians and Trades Workers,92600
2019,New South Wales,Female,Community and Personal Service Workers,275900
2019,New South Wales,Female,Clerical and Administrative Workers,411700
2019,New South Wales,Female,Sales Workers,188500
2019,New South Wales,Female,Machinery Operators and Drivers,30600
2019,New South Wales,Female,Labourers,118300
2019,New South Wales,Female,Not employed,0
2019,Victoria,Male,Managers,264600
2019,Victoria,Male,Professionals,423800
2019,Victoria,Male,Technicians and Trades Workers,380600
2019,Victoria,Male,Community and Personal Service Workers,95700
2019,Victoria,Male,Clerical and Administrative Workers,123900
2019,Victoria,Male,Sales Workers,119200
2019,Victoria,Male,Machinery Operators and Drivers,178200
2019,Victoria,Male,Labourers,198300
2019,Victoria,Male,Not employed,0
2019,Victoria,Female,Managers,148400
2019,Victoria,Female,Professionals,468100
2019,Victoria,Female,Technicians and Trades Workers,76100
2019,Victoria,Female,Community and Personal Service Workers,269400
2019,Victoria,Female,Clerical and Administrative Workers,301200
2019,Victoria,Female,Sales Workers,180900
2019,Victoria,Female,Machinery Operators and Drivers,25900
2019,Victoria,Female,Labourers,118500
2019,Victoria,Female,Not employed,0
2019,Queensland,Male,Managers,183200
2019,Queensland,Male,Professionals,226600
2019,Queensland,Male,Technicians and Trades Workers,313800
2019,Queensland,Male,Community and Personal Service Workers,78600
2019,Queensland,Male,Clerical and Administrative Workers,81500
2019,Queensland,Male,Sales Workers,92400
2019,Queensland,Male,Machinery Operators and Drivers,163400
2019,Queensland,Male,Labourers,170300
2019,Queensland,Male,Not employed,0
2019,Queensland,Female,Managers,126900
2019,Queensland,Female,Professionals,294200
2019,Queensland,Female,Technicians and Trades Workers,55600
2019,Queensland,Female,Community and Personal Service Workers,224700
2019,Queensland,Female,Clerical and Administrative Workers,259900
2019,Queensland,Female,Sales Workers,142900
2019,Queensland,Female,Machinery Operators and Drivers,22300
2019,Queensland,Female,Labourers,88400
2019,Queensland,Female,Not employed,0
2019,South Australia,Male,Managers,58500
2019,South Australia,Male,Professionals,75000
2019,South Australia,Male,Technicians and Trades Workers,109500
2019,South Australia,Male,Community and Personal Service Workers,25000
2019,South Australia,Male,Clerical and Administrative Workers,31400
2019,South Australia,Male,Sales Workers,29200
2019,South Australia,Male,Machinery Operators and Drivers,53500
2019,South Australia,Male,Labourers,63000
2019,South Australia,Male,Not employed,0
2019,South Australia,Female,Managers,35000
2019,South Australia,Female,Professionals,101300
2019,South Australia,Female,Technicians and Trades Workers,21000
2019,South Australia,Female,Community and Personal Service Workers,80800
2019,South Australia,Female,Clerical and Administrative Workers,82500
2019,South Australia,Female,Sales Workers,45400
2019,South Australia,Female,Machinery Operators and Drivers,4000
2019,South Australia,Female,Labourers,42900
2019,South Australia,Female,Not employed,0
2019,Western Australia,Male,Managers,84000
2019,Western Australia,Male,Professionals,153300
2019,Western Australia,Male,Technicians and Trades Workers,184300
2019,Western Australia,Male,Community and Personal Service Workers,41900
2019,Western Australia,Male,Clerical and Administrative Workers,47000
2019,Western Australia,Male,Sales Workers,41700
2019,Western Australia,Male,Machinery Operators and Drivers,110900
2019,Western Australia,Male,Labourers,84900
2019,Western Australia,Male,Not employed,0
2019,Western Australia,Female,Managers,54500
2019,Western Australia,Female,Professionals,182300
2019,Western Australia,Female,Technicians and Trades Workers,33900
2019,Western Australia,Female,Community and Personal Service Workers,106300
2019,Western Australia,Female,Clerical and Administrative Workers,136200
2019,Western Australia,Female,Sales Workers,68200
2019,Western Australia,Female,Machinery Operators and Drivers,12200
2019,Western Australia,Female,Labourers,40400
2019,Western Australia,Female,Not employed,0
2019,Tasmania,Male,Managers,18700
2019,Tasmania,Male,Professionals,26300
2019,Tasmania,Male,Technicians and Trades Workers,30400
2019,Tasmania,Male,Community and Personal Service Workers,11300
2019,Tasmania,Male,Clerical and Administrative Workers,8200
2019,Tasmania,Male,Sales Workers,11000
2019,Tasmania,Male,Machinery Operators and Drivers,14800
2019,Tasmania,Male,Labourers,16900
2019,Tasmania,Male,Not employed,0
2019,Tasmania,Female,Managers,9800
2019,Tasmania,Female,Professionals,32900
2019,Tasmania,Female,Technicians and Trades Workers,5900
2019,Tasmania,Female,Community and Personal Service Workers,27400
2019,Tasmania,Female,Clerical and Administrative Workers,21200
2019,Tasmania,Female,Sales Workers,14300
2019,Tasmania,Female,Machinery Operators and Drivers,900
2019,Tasmania,Female,Labourers,12400
2019,Tasmania,Female,Not employed,0
2019,Northern Territory,Male,Managers,9800
2019,Northern Territory,Male,Professionals,10900
2019,Northern Territory,Male,Technicians and Trades Workers,14200
2019,Northern Territory,Male,Community and Personal Service Workers,8500
2019,Northern Territory,Male,Clerical and Administrative Workers,5200
2019,Northern Territory,Male,Sales Workers,3900
2019,Northern Territory,Male,Machinery Operators and Drivers,5500
2019,Northern Territory,Male,Labourers,5700
2019,Northern Territory,Male,Not employed,0
2019,Northern Territory,Female,Managers,6900
2019,Northern Territory,Female,Professionals,17200
2019,Northern Territory,Female,Technicians and Trades Workers,2600
2019,Northern Territory,Female,Community and Personal Service Workers,9100
2019,Northern Territory,Female,Clerical and Administrative Workers,12400
2019,Northern Territory,Female,Sales Workers,4800
2019,Northern Territory,Female,Machinery Operators and Drivers,800
2019,Northern Territory,Female,Labourers,4800
2019,Northern Territory,Female,Not employed,0
2019,Australian Capital Territory,Male,Managers,12100
2019,Australian Capital Territory,Male,Professionals,42600
2019,Australian Capital Territory,Male,Technicians and Trades Workers,23700
2019,Australian Capital Territory,Male,Community and Personal Service Workers,9000
2019,Australian Capital Territory,Male,Clerical and Administrative Workers,15200
2019,Australian Capital Territory,Male,Sales Workers,6500
2019,Australian Capital Territory,Male,Machinery Operators and Drivers,6200
2019,Australian Capital Territory,Male,Labourers,10900
2019,Australian Capital Territory,Male,Not employed,0
2019,Australian Capital Territory,Female,Managers,9300
2019,Australian Capital Territory,Female,Professionals,43300
2019,Australian Capital Territory,Female,Technicians and Trades Workers,4000
2019,Australian Capital Territory,Female,Community and Personal Service Workers,12400
2019,Australian Capital Territory,Female,Clerical and Administrative Workers,36400
2019,Australian Capital Territory,Female,Sales Workers,10100
2019,Australian Capital Territory,Female,Machinery Operators and Drivers,0
2019,Australian Capital Territory,Female,Labourers,4300
2019,Australian Capital Territory,Female,Not employed,0
2019,Total,Male,Managers,940200
2019,Total,Male,Professionals,1472000
2019,Total,Male,Technicians and Trades Workers,1514700
2019,Total,Male,Community and Personal Service Workers,397400
2019,Total,Male,Clerical and Administrative Workers,485500
2019,Total,Male,Sales Workers,431800
2019,Total,Male,Machinery Operators and Drivers,757000
2019,Total,Male,Labourers,805500
2019,Total,Male,Not employed,0
2019,Total,Female,Managers,591500
2019,Total,Female,Professionals,1723000
2019,Total,Female,Technicians and Trades Workers,289200
2019,Total,Female,Community and Personal Service Workers,1004000
2019,Total,Female,Clerical and Administrative Workers,1259100
2019,Total,Female,Sales Workers,653900
2019,Total,Female,Machinery Operators and Drivers,98300
2019,Total,Female,Labourers,433900
2019,Total,Female,Not employed,0
2020,New South Wales,Male,Managers,332400
2020,New South Wales,Male,Professionals,484700
2020,New South Wales,Male,Technicians and Trades Workers,419200
2020,New South Wales,Male,Community and Personal Service Workers,133400
2020,New South Wales,Male,Clerical and Administrative Workers,149600
2020,New South Wales,Male,Sales Workers,120500
2020,New South Wales,Male,Machinery Operators and Drivers,207300
2020,New South Wales,Male,Labourers,244100
2020,New South Wales,Male,Not employed,0
2020,New South Wales,Female,Managers,216500
2020,New South Wales,Female,Professionals,568700
2020,New South Wales,Female,Technicians and Trades Workers,71900
2020,New South Wales,Female,Community and Personal Service Workers,279200
2020,New South Wales,Female,Clerical and Administrative Workers,416600
2020,New South Wales,Female,Sales Workers,187000
2020,New South Wales,Female,Machinery Operators and Drivers,26000
2020,New South Wales,Female,Labourers,100300
2020,New South Wales,Female,Not employed,0
2020,Victoria,Male,Managers,285700
2020,Victoria,Male,Professionals,413900
2020,Victoria,Male,Technicians and Trades Workers,379000
2020,Victoria,Male,Community and Personal Service Workers,74000
2020,Victoria,Male,Clerical and Administrative Workers,132200
2020,Victoria,Male,Sales Workers,116400
2020,Victoria,Male,Machinery Operators and Drivers,158700
2020,Victoria,Male,Labourers,166600
2020,Victoria,Male,Not employed,0
2020,Victoria,Female,Managers,157700
2020,Victoria,Female,Professionals,486800
2020,Victoria,Female,Technicians and Trades Workers,71200
2020,Victoria,Female,Community and Personal Service Workers,199400
2020,Victoria,Female,Clerical and Administrative Workers,299400
2020,Victoria,Female,Sales Workers,147300
2020,Victoria,Female,Machinery Operators and Drivers,26500
2020,Victoria,Female,Labourers,99400
2020,Victoria,Female,Not employed,0
2020,Queensland,Male,Managers,179500
2020,Queensland,Male,Professionals,245300
2020,Queensland,Male,Technicians and Trades Workers,292900
2020,Queensland,Male,Community and Personal Service Workers,76500
2020,Queensland,Male,Clerical and Administrative Workers,82900
2020,Queensland,Male,Sales Workers,92000
2020,Queensland,Male,Machinery Operators and Drivers,143600
2020,Queensland,Male,Labourers,176700
2020,Queensland,Male,Not employed,0
2020,Queensland,Female,Managers,120000
2020,Queensland,Female,Professionals,355900
2020,Queensland,Female,Technicians and Trades Workers,52600
2020,Queensland,Female,Community and Personal Service Workers,192000
2020,Queensland,Female,Clerical and Administrative Workers,272200
2020,Queensland,Female,Sales Workers,113200
2020,Queensland,Female,Machinery Operators and Drivers,18000
2020,Queensland,Female,Labourers,95400
2020,Queensland,Female,Not employed,0
2020,South Australia,Male,Managers,76400
2020,South Australia,Male,Professionals,74200
2020,South Australia,Male,Technicians and Trades Workers,92200
2020,South Australia,Male,Community and Personal Service Workers,33100
2020,South Australia,Male,Clerical and Administrative Workers,29800
2020,South Australia,Male,Sales Workers,33200
2020,South Australia,Male,Machinery Operators and Drivers,51500
2020,South Australia,Male,Labourers,53000
2020,South Australia,Male,Not employed,0
2020,South Australia,Female,Managers,44200
2020,South Australia,Female,Professionals,103300
2020,South Australia,Female,Technicians and Trades Workers,16100
2020,South Australia,Female,Community and Personal Service Workers,72100
2020,South Australia,Female,Clerical and Administrative Workers,83200
2020,South Australia,Female,Sales Workers,42700
2020,South Australia,Female,Machinery Operators and Drivers,4800
2020,South Australia,Female,Labourers,35200
2020,South Australia,Female,Not employed,0
2020,Western Australia,Male,Managers,106800
2020,Western Australia,Male,Professionals,154500
2020,Western Australia,Male,Technicians and Trades Workers,186300
2020,Western Australia,Male,Community and Personal Service Workers,37000
2020,Western Australia,Male,Clerical and Administrative Workers,44700
2020,Western Australia,Male,Sales Workers,36700
2020,Western Australia,Male,Machinery Operators and Drivers,94000
2020,Western Australia,Male,Labourers,79800
2020,Western Australia,Male,Not employed,0
2020,Western Australia,Female,Managers,57000
2020,Western Australia,Female,Professionals,189900
2020,Western Australia,Female,Technicians and Trades Workers,35700
2020,Western Australia,Female,Community and Personal Service Workers,92500
2020,Western Australia,Female,Clerical and Administrative Workers,132300
2020,Western Australia,Female,Sales Workers,60700
2020,Western Australia,Female,Machinery Operators and Drivers,15500
2020,Western Australia,Female,Labourers,52100
2020,Western Australia,Female,Not employed,0
2020,Tasmania,Male,Managers,24100
2020,Tasmania,Male,Professionals,28400
2020,Tasmania,Male,Technicians and Trades Workers,27200
2020,Tasmania,Male,Community and Personal Service Workers,10200
2020,Tasmania,Male,Clerical and Administrative Workers,7400
2020,Tasmania,Male,Sales Workers,9300
2020,Tasmania,Male,Machinery Operators and Drivers,14500
2020,Tasmania,Male,Labourers,18300
2020,Tasmania,Male,Not employed,0
2020,Tasmania,Female,Managers,11100
2020,Tasmania,Female,Professionals,34100
2020,Tasmania,Female,Technicians and Trades Workers,7000
2020,Tasmania,Female,Community and Personal Service Workers,23900
2020,Tasmania,Female,Clerical and Administrative Workers,22800
2020,Tasmania,Female,Sales Workers,12500
2020,Tasmania,Female,Machinery Operators and Drivers,1300
2020,Tasmania,Female,Labourers,13400
2020,Tasmania,Female,Not employed,0
2020,Northern Territory,Male,Managers,7500
2020,Northern Territory,Male,Professionals,12700
2020,Northern Territory,Male,Technicians and Trades Workers,13700
2020,Northern Territory,Male,Community and Personal Service Workers,7600
2020,Northern Territory,Male,Clerical and Administrative Workers,5000
2020,Northern Territory,Male,Sales Workers,5200
2020,Northern Territory,Male,Machinery Operators and Drivers,6700
2020,Northern Territory,Male,Labourers,4400
2020,Northern Territory,Male,Not employed,0
2020,Northern Territory,Female,Managers,5300
2020,Northern Territory,Female,Professionals,17500
2020,Northern Territory,Female,Technicians and Trades Workers,1800
2020,Northern Territory,Female,Community and Personal Service Workers,10100
2020,Northern Territory,Female,Clerical and Administrative Workers,13500
2020,Northern Territory,Female,Sales Workers,4100
2020,Northern Territory,Female,Machinery Operators and Drivers,500
2020,Northern Territory,Female,Labourers,3400
2020,Northern Territory,Female,Not employed,0
2020,Australian Capital Territory,Male,Managers,19000
2020,Australian Capital Territory,Male,Professionals,47400
2020,Australian Capital Territory,Male,Technicians and Trades Workers,20600
2020,Australian Capital Territory,Male,Community and Personal Service Workers,8400
2020,Australian Capital Territory,Male,Clerical and Administrative Workers,12700
2020,Australian Capital Territory,Male,Sales Workers,3600
2020,Australian Capital Territory,Male,Machinery Operators and Drivers,6100
2020,Australian Capital Territory,Male,Labourers,9600
2020,Australian Capital Territory,Male,Not employed,0
2020,Australian Capital Territory,Female,Managers,13400
2020,Australian Capital Territory,Female,Professionals,49200
2020,Australian Capital Territory,Female,Technicians and Trades Workers,4000
2020,Australian Capital Territory,Female,Community and Personal Service Workers,17100
2020,Australian Capital Territory,Female,Clerical and Administrative Workers,29500
2020,Australian Capital Territory,Female,Sales Workers,6500
2020,Australian Capital Territory,Female,Machinery Operators and Drivers,0
2020,Australian Capital Territory,Female,Labourers,4000
2020,Australian Capital Territory,Female,Not employed,0
2020,Total,Male,Managers,1033500
2020,Total,Male,Professionals,1458100
2020,Total,Male,Technicians and Trades Workers,1432900
2020,Total,Male,Community and Personal Service Workers,380600
2020,Total,Male,Clerical and Administrative Workers,464900
2020,Total,Male,Sales Workers,420100
2020,Total,Male,Machinery Operators and Drivers,683100
2020,Total,Male,Labourers,753900
2020,Total,Male,Not employed,0
2020,Total,Female,Managers,621800
2020,Total,Female,Professionals,1802200
2020,Total,Female,Technicians and Trades Workers,261000
2020,Total,Female,Community and Personal Service Workers,885000
2020,Total,Female,Clerical and Administrative Workers,1269600
2020,Total,Female,Sales Workers,572400
2020,Total,Female,Machinery Operators and Drivers,90200
2020,Total,Female,Labourers,403900
2020,Total,Female,Not employed,0
2021,New South Wales,Male,Managers,339700
2021,New South Wales,Male,Professionals,516800
2021,New South Wales,Male,Technicians and Trades Workers,383000
2021,New South Wales,Male,Community and Personal Service Workers,128700
2021,New South Wales,Male,Clerical and Administrative Workers,155200
2021,New South Wales,Male,Sales Workers,132800
2021,New South Wales,Male,Machinery Operators and Drivers,209100
2021,New South Wales,Male,Labourers,192600
2021,New South Wales,Male,Not employed,0
2021,New South Wales,Female,Managers,213400
2021,New South Wales,Female,Professionals,619000
2021,New South Wales,Female,Technicians and Trades Workers,65500
2021,New South Wales,Female,Community and Personal Service Workers,225100
2021,New South Wales,Female,Clerical and Administrative Workers,400900
2021,New South Wales,Female,Sales Workers,157000
2021,New South Wales,Female,Machinery Operators and Drivers,28000
2021,New South Wales,Female,Labourers,107000
2021,New South Wales,Female,Not employed,0
2021,Victoria,Male,Managers,278400
2021,Victoria,Male,Professionals,409200
2021,Victoria,Male,Technicians and Trades Workers,381900
2021,Victoria,Male,Community and Personal Service Workers,92300
2021,Victoria,Male,Clerical and Administrative Workers,133900
2021,Victoria,Male,Sales Workers,132400
2021,Victoria,Male,Machinery Operators and Drivers,171900
2021,Victoria,Male,Labourers,199400
2021,Victoria,Male,Not employed,0
2021,Victoria,Female,Managers,168800
2021,Victoria,Female,Professionals,513300
2021,Victoria,Female,Technicians and Trades Workers,77400
2021,Victoria,Female,Community and Personal Service Workers,250400
2021,Victoria,Female,Clerical and Administrative Workers,307300
2021,Victoria,Female,Sales Workers,136700
2021,Victoria,Female,Machinery Operators and Drivers,26400
2021,Victoria,Female,Labourers,112100
2021,Victoria,Female,Not employed,0
2021,Queensland,Male,Managers,199100
2021,Queensland,Male,Professionals,254600
2021,Queensland,Male,Technicians and Trades Workers,332100
2021,Queensland,Male,Community and Personal Service Workers,86500
2021,Queensland,Male,Clerical and Administrative Workers,78700
2021,Queensland,Male,Sales Workers,99200
2021,Queensland,Male,Machinery Operators and Drivers,176800
2021,Queensland,Male,Labourers,158100
2021,Queensland,Male,Not employed,0
2021,Queensland,Female,Managers,132300
2021,Queensland,Female,Professionals,329500
2021,Queensland,Female,Technicians and Trades Workers,66200
2021,Queensland,Female,Community and Personal Service Workers,209800
2021,Queensland,Female,Clerical and Administrative Workers,272100
2021,Queensland,Female,Sales Workers,137700
2021,Queensland,Female,Machinery Operators and Drivers,19300
2021,Queensland,Female,Labourers,95200
2021,Queensland,Female,Not employed,0
2021,South Australia,Male,Managers,71200
2021,South Australia,Male,Professionals,94000
2021,South Australia,Male,Technicians and Trades Workers,100100
2021,South Australia,Male,Community and Personal Service Workers,35300
2021,South Australia,Male,Clerical and Administrative Workers,29200
2021,South Australia,Male,Sales Workers,26100
2021,South Australia,Male,Machinery Operators and Drivers,50500
2021,South Australia,Male,Labourers,61300
2021,South Australia,Male,Not employed,0
2021,South Australia,Female,Managers,39900
2021,South Australia,Female,Professionals,117400
2021,South Australia,Female,Technicians and Trades Workers,21000
2021,South Australia,Female,Community and Personal Service Workers,80300
2021,South Australia,Female,Clerical and Administrative Workers,87400
2021,South Australia,Female,Sales Workers,42800
2021,South Australia,Female,Machinery Operators and Drivers,5000
2021,South Australia,Female,Labourers,29300
2021,South Australia,Female,Not employed,0
2021,Western Australia,Male,Managers,106600
2021,Western Australia,Male,Professionals,140800
2021,Western Australia,Male,Technicians and Trades Workers,202800
2021,Western Australia,Male,Community and Personal Service Workers,46600
2021,Western Australia,Male,Clerical and Administrative Workers,48800
2021,Western Australia,Male,Sales Workers,43600
2021,Western Australia,Male,Machinery Operators and Drivers,98700
2021,Western Australia,Male,Labourers,91000
2021,Western Australia,Male,Not employed,0
2021,Western Australia,Female,Managers,56000
2021,Western Australia,Female,Professionals,177700
2021,Western Australia,Female,Technicians and Trades Workers,40700
2021,Western Australia,Female,Community and Personal Service Workers,123400
2021,Western Australia,Female,Clerical and Administrative Workers,137700
2021,Western Australia,Female,Sales Workers,78700
2021,Western Australia,Female,Machinery Operators and Drivers,16000
2021,Western Australia,Female,Labourers,48300
2021,Western Australia,Female,Not employed,0
2021,Tasmania,Male,Managers,21500
2021,Tasmania,Male,Professionals,26600
2021,Tasmania,Male,Technicians and Trades Workers,36100
2021,Tasmania,Male,Community and Personal Service Workers,10700
2021,Tasmania,Male,Clerical and Administrative Workers,7100
2021,Tasmania,Male,Sales Workers,8800
2021,Tasmania,Male,Machinery Operators and Drivers,15600
2021,Tasmania,Male,Labourers,21600
2021,Tasmania,Male,Not employed,0
2021,Tasmania,Female,Managers,11000
2021,Tasmania,Female,Professionals,34700
2021,Tasmania,Female,Technicians and Trades Workers,7000
2021,Tasmania,Female,Community and Personal Service Workers,26000
2021,Tasmania,Female,Clerical and Administrative Workers,23900
2021,Tasmania,Female,Sales Workers,16000
2021,Tasmania,Female,Machinery Operators and Drivers,400
2021,Tasmania,Female,Labourers,11000
2021,Tasmania,Female,Not employed,0
2021,Northern Territory,Male,Managers,7000
2021,Northern Territory,Male,Professionals,11900
2021,Northern Territory,Male,Technicians and Trades Workers,13900
2021,Northern Territory,Male,Community and Personal Service Workers,8000
2021,Northern Territory,Male,Clerical and Administrative Workers,4600
2021,Northern Territory,Male,Sales Workers,4500
2021,Northern Territory,Male,Machinery Operators and Drivers,5400
2021,Northern Territory,Male,Labourers,6800
2021,Northern Territory,Male,Not employed,0
2021,Northern Territory,Female,Managers,4700
2021,Northern Territory,Female,Professionals,19100
2021,Northern Territory,Female,Technicians and Trades Workers,2300
2021,Northern Territory,Female,Community and Personal Service Workers,10000
2021,Northern Territory,Female,Clerical and Administrative Workers,12300
2021,Northern Territory,Female,Sales Workers,4100
2021,Northern Territory,Female,Machinery Operators and Drivers,600
2021,Northern Territory,Female,Labourers,3600
2021,Northern Territory,Female,Not employed,0
2021,Australian Capital Territory,Male,Managers,17900
2021,Australian Capital Territory,Male,Professionals,47900
2021,Australian Capital Territory,Male,Technicians and Trades Workers,18000
2021,Australian Capital Territory,Male,Community and Personal Service Workers,10300
2021,Australian Capital Territory,Male,Clerical and Administrative Workers,11200
2021,Australian Capital Territory,Male,Sales Workers,6000
2021,Australian Capital Territory,Male,Machinery Operators and Drivers,7000
2021,Australian Capital Territory,Male,Labourers,8100
2021,Australian Capital Territory,Male,Not employed,0
2021,Australian Capital Territory,Female,Managers,14200
2021,Australian Capital Territory,Female,Professionals,44100
2021,Australian Capital Territory,Female,Technicians and Trades Workers,5200
2021,Australian Capital Territory,Female,Community and Personal Service Workers,14300
2021,Australian Capital Territory,Female,Clerical and Administrative Workers,30500
2021,Australian Capital Territory,Female,Sales Workers,9400
2021,Australian Capital Territory,Female,Machinery Operators and Drivers,0
2021,Australian Capital Territory,Female,Labourers,3700
2021,Australian Capital Territory,Female,Not employed,0
2021,Total,Male,Managers,1043800
2021,Total,Male,Professionals,1501200
2021,Total,Male,Technicians and Trades Workers,1472700
2021,Total,Male,Community and Personal Service Workers,420000
2021,Total,Male,Clerical and Administrative Workers,465800
2021,Total,Male,Sales Workers,451800
2021,Total,Male,Machinery Operators and Drivers,732000
2021,Total,Male,Labourers,739200
2021,Total,Male,Not employed,0
2021,Total,Female,Managers,639900
2021,Total,Female,Professionals,1855600
2021,Total,Female,Technicians and Trades Workers,287800
2021,Total,Female,Community and Personal Service Workers,943300
2021,Total,Female,Clerical and Administrative Workers,1276200
2021,Total,Female,Sales Workers,582500
2021,Total,Female,Machinery Operators and Drivers,93900
2021,Total,Female,Labourers,407100
2021,Total,Female,Not employed,0
2022,New South Wales,Male,Managers,373800
2022,New South Wales,Male,Professionals,501600
2022,New South Wales,Male,Technicians and Trades Workers,457400
2022,New South Wales,Male,Community and Personal Service Workers,145300
2022,New South Wales,Male,Clerical and Administrative Workers,151300
2022,New South Wales,Male,Sales Workers,143600
2022,New South Wales,Male,Machinery Operators and Drivers,235600
2022,New South Wales,Male,Labourers,229600
2022,New South Wales,Male,Not employed,0
2022,New South Wales,Female,Managers,263100
2022,New South Wales,Female,Professionals,615900
2022,New South Wales,Female,Technicians and Trades Workers,84800
2022,New South Wales,Female,Community and Personal Service Workers,293600
2022,New South Wales,Female,Clerical and Administrative Workers,394000
2022,New South Wales,Female,Sales Workers,220000
2022,New South Wales,Female,Machinery Operators and Drivers,36300
2022,New South Wales,Female,Labourers,113400
2022,New South Wales,Female,Not employed,0
2022,Victoria,Male,Managers,313000
2022,Victoria,Male,Professionals,434100
2022,Victoria,Male,Technicians and Trades Workers,387600
2022,Victoria,Male,Community and Personal Service Workers,106800
2022,Victoria,Male,Clerical and Administrative Workers,120600
2022,Victoria,Male,Sales Workers,107600
2022,Victoria,Male,Machinery Operators and Drivers,180100
2022,Victoria,Male,Labourers,202300
2022,Victoria,Male,Not employed,0
2022,Victoria,Female,Managers,195200
2022,Victoria,Female,Professionals,539900
2022,Victoria,Female,Technicians and Trades Workers,71700
2022,Victoria,Female,Community and Personal Service Workers,248900
2022,Victoria,Female,Clerical and Administrative Workers,320900
2022,Victoria,Female,Sales Workers,143100
2022,Victoria,Female,Machinery Operators and Drivers,39200
2022,Victoria,Female,Labourers,98500
2022,Victoria,Female,Not employed,0
2022,Queensland,Male,Managers,197600
2022,Queensland,Male,Professionals,269100
2022,Queensland,Male,Technicians and Trades Workers,335300
2022,Queensland,Male,Community and Personal Service Workers,104800
2022,Queensland,Male,Clerical and Administrative Workers,86200
2022,Queensland,Male,Sales Workers,97900
2022,Queensland,Male,Machinery Operators and Drivers,172500
2022,Queensland,Male,Labourers,170700
2022,Queensland,Male,Not employed,0
2022,Queensland,Female,Managers,140600
2022,Queensland,Female,Professionals,373400
2022,Queensland,Female,Technicians and Trades Workers,63700
2022,Queensland,Female,Community and Personal Service Workers,239200
2022,Queensland,Female,Clerical and Administrative Workers,262400
2022,Queensland,Female,Sales Workers,143700
2022,Queensland,Female,Machinery Operators and Drivers,26900
2022,Queensland,Female,Labourers,95800
2022,Queensland,Female,Not employed,0
2022,South Australia,Male,Managers,79700
2022,South Australia,Male,Professionals,86800
2022,South Australia,Male,Technicians and Trades Workers,116400
2022,South Australia,Male,Community and Personal Service Workers,30300
2022,South Australia,Male,Clerical and Administrative Workers,27400
2022,South Australia,Male,Sales Workers,22300
2022,South Australia,Male,Machinery Operators and Drivers,54700
2022,South Australia,Male,Labourers,58200
2022,South Australia,Male,Not employed,0
2022,South Australia,Female,Managers,40200
2022,South Australia,Female,Professionals,124600
2022,South Australia,Female,Technicians and Trades Workers,23600
2022,South Australia,Female,Community and Personal Service Workers,80200
2022,South Australia,Female,Clerical and Administrative Workers,86100
2022,South Australia,Female,Sales Workers,40500
2022,South Australia,Female,Machinery Operators and Drivers,5400
2022,South Australia,Female,Labourers,36500
2022,South Australia,Female,Not employed,0
2022,Western Australia,Male,Managers,119000
2022,Western Australia,Male,Professionals,161600
2022,Western Australia,Male,Technicians and Trades Workers,199800
2022,Western Australia,Male,Community and Personal Service Workers,44900
2022,Western Australia,Male,Clerical and Administrative Workers,48500
2022,Western Australia,Male,Sales Workers,44400
2022,Western Australia,Male,Machinery Operators and Drivers,116700
2022,Western Australia,Male,Labourers,80000
2022,Western Australia,Male,Not employed,0
2022,Western Australia,Female,Managers,71700
2022,Western Australia,Female,Professionals,182600
2022,Western Australia,Female,Technicians and Trades Workers,41100
2022,Western Australia,Female,Community and Personal Service Workers,109500
2022,Western Australia,Female,Clerical and Administrative Workers,157300
2022,Western Australia,Female,Sales Workers,71700
2022,Western Australia,Female,Machinery Operators and Drivers,15500
2022,Western Australia,Female,Labourers,52800
2022,Western Australia,Female,Not employed,0
2022,Tasmania,Male,Managers,25700
2022,Tasmania,Male,Professionals,26700
2022,Tasmania,Male,Technicians and Trades Workers,34700
2022,Tasmania,Male,Community and Personal Service Workers,9800
2022,Tasmania,Male,Clerical and Administrative Workers,6600
2022,Tasmania,Male,Sales Workers,8700
2022,Tasmania,Male,Machinery Operators and Drivers,15400
2022,Tasmania,Male,Labourers,19600
2022,Tasmania,Male,Not employed,0
2022,Tasmania,Female,Managers,12600
2022,Tasmania,Female,Professionals,35200
2022,Tasmania,Female,Technicians and Trades Workers,8500
2022,Tasmania,Female,Community and Personal Service Workers,25200
2022,Tasmania,Female,Clerical and Administrative Workers,27200
2022,Tasmania,Female,Sales Workers,14100
2022,Tasmania,Female,Machinery Operators and Drivers,1800
2022,Tasmania,Female,Labourers,13100
2022,Tasmania,Female,Not employed,0
2022,Northern Territory,Male,Managers,9600
2022,Northern Territory,Male,Professionals,12100
2022,Northern Territory,Male,Technicians and Trades Workers,16600
2022,Northern Territory,Male,Community and Personal Service Workers,6900
2022,Northern Territory,Male,Clerical and Administrative Workers,5000
2022,Northern Territory,Male,Sales Workers,2800
2022,Northern Territory,Male,Machinery Operators and Drivers,5400
2022,Northern Territory,Male,Labourers,7200
2022,Northern Territory,Male,Not employed,0
2022,Northern Territory,Female,Managers,8700
2022,Northern Territory,Female,Professionals,16300
2022,Northern Territory,Female,Technicians and Trades Workers,2200
2022,Northern Territory,Female,Community and Personal Service Workers,9300
2022,Northern Territory,Female,Clerical and Administrative Workers,13200
2022,Northern Territory,Female,Sales Workers,5700
2022,Northern Territory,Female,Machinery Operators and Drivers,600
2022,Northern Territory,Female,Labourers,2500
2022,Northern Territory,Female,Not employed,0
2022,Australian Capital Territory,Male,Managers,18100
2022,Australian Capital Territory,Male,Professionals,48400
2022,Australian Capital Territory,Male,Technicians and Trades Workers,22100
2022,Australian Capital Territory,Male,Community and Personal Service Workers,7900
2022,Australian Capital Territory,Male,Clerical and Administrative Workers,13900
2022,Australian Capital Territory,Male,Sales Workers,6600
2022,Australian Capital Territory,Male,Machinery Operators and Drivers,5000
2022,Australian Capital Territory,Male,Labourers,9500
2022,Australian Capital Territory,Male,Not employed,0
2022,Australian Capital Territory,Female,Managers,18700
2022,Australian Capital Territory,Female,Professionals,42800
2022,Australian Capital Territory,Female,Technicians and Trades Workers,3700
2022,Australian Capital Territory,Female,Community and Personal Service Workers,15700
2022,Australian Capital Territory,Female,Clerical and Administrative Workers,29400
2022,Australian Capital Territory,Female,Sales Workers,10100
2022,Australian Capital Territory,Female,Machinery Operators and Drivers,700
2022,Australian Capital Territory,Female,Labourers,3600
2022,Australian Capital Territory,Female,Not employed,0
2022,Total,Male,Managers,1138300
2022,Total,Male,Professionals,1540900
2022,Total,Male,Technicians and Trades Workers,1567600
2022,Total,Male,Community and Personal Service Workers,454100
2022,Total,Male,Clerical and Administrative Workers,457800
2022,Total,Male,Sales Workers,436200
2022,Total,Male,Machinery Operators and Drivers,780300
2022,Total,Male,Labourers,776500
2022,Total,Male,Not employed,0
2022,Total,Female,Managers,749200
2022,Total,Female,Professionals,1929400
2022,Total,Female,Technicians and Trades Workers,303400
2022,Total,Female,Community and Personal Service Workers,1022400
2022,Total,Female,Clerical and Administrative Workers,1291700
2022,Total,Female,Sales Workers,652300
2022,Total,Female,Machinery Operators and Drivers,123600
2022,Total,Female,Labourers,416300
2022,Total,Female,Not employed,0
2023,New South Wales,Male,Managers,381600
2023,New South Wales,Male,Professionals,509100
2023,New South Wales,Male,Technicians and Trades Workers,437100
2023,New South Wales,Male,Community and Personal Service Workers,173300
2023,New South Wales,Male,Clerical and Administrative Workers,180900
2023,New South Wales,Male,Sales Workers,157400
2023,New South Wales,Male,Machinery Operators and Drivers,220700
2023,New South Wales,Male,Labourers,243800
2023,New South Wales,Male,Not employed,0
2023,New South Wales,Female,Managers,257400
2023,New South Wales,Female,Professionals,659600
2023,New South Wales,Female,Technicians and Trades Workers,82300
2023,New South Wales,Female,Community and Personal Service Workers,303300
2023,New South Wales,Female,Clerical and Administrative Workers,416200
2023,New South Wales,Female,Sales Workers,211000
2023,New South Wales,Female,Machinery Operators and Drivers,30500
2023,New South Wales,Female,Labourers,104800
2023,New South Wales,Female,Not employed,0
2023,Victoria,Male,Managers,284700
2023,Victoria,Male,Professionals,449500
2023,Victoria,Male,Technicians and Trades Workers,405700
2023,Victoria,Male,Community and Personal Service Workers,124100
2023,Victoria,Male,Clerical and Administrative Workers,123400
2023,Victoria,Male,Sales Workers,124100
2023,Victoria,Male,Machinery Operators and Drivers,205900
2023,Victoria,Male,Labourers,187800
2023,Victoria,Male,Not employed,0
2023,Victoria,Female,Managers,197900
2023,Victoria,Female,Professionals,539100
2023,Victoria,Female,Technicians and Trades Workers,83300
2023,Victoria,Female,Community and Personal Service Workers,296400
2023,Victoria,Female,Clerical and Administrative Workers,342800
2023,Victoria,Female,Sales Workers,165100
2023,Victoria,Female,Machinery Operators and Drivers,32000
2023,Victoria,Female,Labourers,102800
2023,Victoria,Female,Not employed,0
2023,Queensland,Male,Managers,191300
2023,Queensland,Male,Professionals,292800
2023,Queensland,Male,Technicians and Trades Workers,340800
2023,Queensland,Male,Community and Personal Service Workers,104700
2023,Queensland,Male,Clerical and Administrative Workers,88400
2023,Queensland,Male,Sales Workers,96500
2023,Queensland,Male,Machinery Operators and Drivers,188100
2023,Queensland,Male,Labourers,169600
2023,Queensland,Male,Not employed,0
2023,Queensland,Female,Managers,135400
2023,Queensland,Female,Professionals,380300
2023,Queensland,Female,Technicians and Trades Workers,69700
2023,Queensland,Female,Community and Personal Service Workers,244800
2023,Queensland,Female,Clerical and Administrative Workers,282300
2023,Queensland,Female,Sales Workers,136600
2023,Queensland,Female,Machinery Operators and Drivers,23600
2023,Queensland,Female,Labourers,98300
2023,Queensland,Female,Not employed,0
2023,South Australia,Male,Managers,80800
2023,South Australia,Male,Professionals,93900
2023,South Australia,Male,Technicians and Trades Workers,104100
2023,South Australia,Male,Community and Personal Service Workers,36100
2023,South Australia,Male,Clerical and Administrative Workers,29500
2023,South Australia,Male,Sales Workers,29600
2023,South Australia,Male,Machinery Operators and Drivers,59200
2023,South Australia,Male,Labourers,61400
2023,South Australia,Male,Not employed,0
2023,South Australia,Female,Managers,46500
2023,South Australia,Female,Professionals,128500
2023,South Australia,Female,Technicians and Trades Workers,23600
2023,South Australia,Female,Community and Personal Service Workers,80200
2023,South Australia,Female,Clerical and Administrative Workers,89400
2023,South Australia,Female,Sales Workers,47200
2023,South Australia,Female,Machinery Operators and Drivers,6800
2023,South Australia,Female,Labourers,31200
2023,South Australia,Female,Not employed,0
2023,Western Australia,Male,Managers,108200
2023,Western Australia,Male,Professionals,157600
2023,Western Australia,Male,Technicians and Trades Workers,226700
2023,Western Australia,Male,Community and Personal Service Workers,45300
2023,Western Australia,Male,Clerical and Administrative Workers,42100
2023,Western Australia,Male,Sales Workers,44600
2023,Western Australia,Male,Machinery Operators and Drivers,116600
2023,Western Australia,Male,Labourers,91300
2023,Western Australia,Male,Not employed,0
2023,Western Australia,Female,Managers,67600
2023,Western Australia,Female,Professionals,195900
2023,Western Australia,Female,Technicians and Trades Workers,50000
2023,Western Australia,Female,Community and Personal Service Workers,119100
2023,Western Australia,Female,Clerical and Administrative Workers,148600
2023,Western Australia,Female,Sales Workers,72900
2023,Western Australia,Female,Machinery Operators and Drivers,24300
2023,Western Australia,Female,Labourers,51100
2023,Western Australia,Female,Not employed,0
2023,Tasmania,Male,Managers,20500
2023,Tasmania,Male,Professionals,29600
2023,Tasmania,Male,Technicians and Trades Workers,32900
2023,Tasmania,Male,Community and Personal Service Workers,12200
2023,Tasmania,Male,Clerical and Administrative Workers,9000
2023,Tasmania,Male,Sales Workers,7200
2023,Tasmania,Male,Machinery Operators and Drivers,16000
2023,Tasmania,Male,Labourers,20700
2023,Tasmania,Male,Not employed,0
2023,Tasmania,Female,Managers,15000
2023,Tasmania,Female,Professionals,38600
2023,Tasmania,Female,Technicians and Trades Workers,7600
2023,Tasmania,Female,Community and Personal Service Workers,25300
2023,Tasmania,Female,Clerical and Administrative Workers,23400
2023,Tasmania,Female,Sales Workers,16800
2023,Tasmania,Female,Machinery Operators and Drivers,1600
2023,Tasmania,Female,Labourers,10900
2023,Tasmania,Female,Not employed,0
2023,Northern Territory,Male,Managers,9800
2023,Northern Territory,Male,Professionals,13000
2023,Northern Territory,Male,Technicians and Trades Workers,17200
2023,Northern Territory,Male,Community and Personal Service Workers,7100
2023,Northern Territory,Male,Clerical and Administrative Workers,3600
2023,Northern Territory,Male,Sales Workers,2600
2023,Northern Territory,Male,Machinery Operators and Drivers,6800
2023,Northern Territory,Male,Labourers,5600
2023,Northern Territory,Male,Not employed,0
2023,Northern Territory,Female,Managers,6800
2023,Northern Territory,Female,Professionals,18500
2023,Northern Territory,Female,Technicians and Trades Workers,2600
2023,Northern Territory,Female,Community and Personal Service Workers,10300
2023,Northern Territory,Female,Clerical and Administrative Workers,12300
2023,Northern Territory,Female,Sales Workers,5300
2023,Northern Territory,Female,Machinery Operators and Drivers,300
2023,Northern Territory,Female,Labourers,3100
2023,Northern Territory,Female,Not employed,0
2023,Australian Capital Territory,Male,Managers,16500
2023,Australian Capital Territory,Male,Professionals,48100
2023,Australian Capital Territory,Male,Technicians and Trades Workers,21500
2023,Australian Capital Territory,Male,Community and Personal Service Workers,10900
2023,Australian Capital Territory,Male,Clerical and Administrative Workers,17000
2023,Australian Capital Territory,Male,Sales Workers,9600
2023,Australian Capital Territory,Male,Machinery Operators and Drivers,4900
2023,Australian Capital Territory,Male,Labourers,7700
2023,Australian Capital Territory,Male,Not employed,0
2023,Australian Capital Territory,Female,Managers,17200
2023,Australian Capital Territory,Female,Professionals,49100
2023,Australian Capital Territory,Female,Technicians and Trades Workers,7600
2023,Australian Capital Territory,Female,Community and Personal Service Workers,14900
2023,Australian Capital Territory,Female,Clerical and Administrative Workers,30200
2023,Australian Capital Territory,Female,Sales Workers,7600
2023,Australian Capital Territory,Female,Machinery Operators and Drivers,0
2023,Australian Capital Territory,Female,Labourers,2400
2023,Australian Capital Territory,Female,Not employed,0
2023,Total,Male,Managers,1087800
2023,Total,Male,Professionals,1596000
2023,Total,Male,Technicians and Trades Workers,1589100
2023,Total,Male,Community and Personal Service Workers,507900
2023,Total,Male,Clerical and Administrative Workers,493400
2023,Total,Male,Sales Workers,472800
2023,Total,Male,Machinery Operators and Drivers,814800
2023,Total,Male,Labourers,795100
2023,Total,Male,Not employed,0
2023,Total,Female,Managers,742200
2023,Total,Female,Professionals,2002800
2023,Total,Female,Technicians and Trades Workers,323000
2023,Total,Female,Community and Personal Service Workers,1095400
2023,Total,Female,Clerical and Administrative Workers,1343300
2023,Total,Female,Sales Workers,657800
2023,Total,Female,Machinery Operators and Drivers,118500
2023,Total,Female,Labourers,403900
2023,Total,Female,Not employed,0
