Reference year,Region of usual residence (SA4),Sex,Hours paid for in main job (ranges),Weighted median of Weekly earnings in main job (for means and medians) (%)
2014,New South Wales,Sex,1-9 hours,160.0
2014,New South Wales,Sex,10-19 hours,374.1
2014,New South Wales,Sex,20-29 hours,600.0
2014,New South Wales,Sex,30-34 hours,1000.0
2014,New South Wales,Sex,35-39 hours,1264.2
2014,New South Wales,Sex,40-44 hours,1200.0
2014,New South Wales,Sex,45-49 hours,1495.0
2014,New South Wales,Sex,50-59 hours,1557.2
2014,New South Wales,Sex,60-69 hours,1612.4
2014,New South Wales,Sex,70 hours and over,1803.9
2014,New South Wales,Female,1-9 hours,147.9
2014,New South Wales,Female,10-19 hours,380.0
2014,New South Wales,Female,20-29 hours,649.4
2014,New South Wales,Female,30-34 hours,850.0
2014,New South Wales,Female,35-39 hours,1085.0
2014,New South Wales,Female,40-44 hours,1105.9
2014,New South Wales,Female,45-49 hours,1630.1
2014,New South Wales,Female,50-59 hours,1405.7
2014,New South Wales,Female,60-69 hours,0.0
2014,New South Wales,Female,70 hours and over,0.0
2014,Victoria,Male,1-9 hours,125.2
2014,Victoria,Male,10-19 hours,350.7
2014,Victoria,Male,20-29 hours,585.7
2014,Victoria,Male,30-34 hours,1005.8
2014,Victoria,Male,35-39 hours,1200.0
2014,Victoria,Male,40-44 hours,1200.0
2014,Victoria,Male,45-49 hours,1495.2
2014,Victoria,Male,50-59 hours,1500.0
2014,Victoria,Male,60-69 hours,1350.4
2014,Victoria,Male,70 hours and over,2000.0
2014,Victoria,Female,1-9 hours,128.3
2014,Victoria,Female,10-19 hours,385.0
2014,Victoria,Female,20-29 hours,600.0
2014,Victoria,Female,30-34 hours,932.3
2014,Victoria,Female,35-39 hours,1041.1
2014,Victoria,Female,40-44 hours,1052.0
2014,Victoria,Female,45-49 hours,1432.8
2014,Victoria,Female,50-59 hours,1365.1
2014,Victoria,Female,60-69 hours,0.0
2014,Victoria,Female,70 hours and over,0.0
2014,Queensland,Male,1-9 hours,104.9
2014,Queensland,Male,10-19 hours,360.8
2014,Queensland,Male,20-29 hours,626.6
2014,Queensland,Male,30-34 hours,974.1
2014,Queensland,Male,35-39 hours,1200.0
2014,Queensland,Male,40-44 hours,1166.1
2014,Queensland,Male,45-49 hours,1527.0
2014,Queensland,Male,50-59 hours,1564.5
2014,Queensland,Male,60-69 hours,1500.0
2014,Queensland,Male,70 hours and over,2400.8
2014,Queensland,Female,1-9 hours,121.0
2014,Queensland,Female,10-19 hours,386.6
2014,Queensland,Female,20-29 hours,610.7
2014,Queensland,Female,30-34 hours,800.0
2014,Queensland,Female,35-39 hours,1000.0
2014,Queensland,Female,40-44 hours,1080.0
2014,Queensland,Female,45-49 hours,1275.0
2014,Queensland,Female,50-59 hours,1400.0
2014,Queensland,Female,60-69 hours,0.0
2014,Queensland,Female,70 hours and over,0.0
2014,South Australia,Male,1-9 hours,105.6
2014,South Australia,Male,10-19 hours,368.7
2014,South Australia,Male,20-29 hours,665.4
2014,South Australia,Male,30-34 hours,919.2
2014,South Australia,Male,35-39 hours,1066.4
2014,South Australia,Male,40-44 hours,1150.0
2014,South Australia,Male,45-49 hours,1300.0
2014,South Australia,Male,50-59 hours,1400.0
2014,South Australia,Male,60-69 hours,1323.0
2014,South Australia,Male,70 hours and over,1505.5
2014,South Australia,Female,1-9 hours,132.6
2014,South Australia,Female,10-19 hours,359.2
2014,South Australia,Female,20-29 hours,600.0
2014,South Australia,Female,30-34 hours,751.0
2014,South Australia,Female,35-39 hours,1000.0
2014,South Australia,Female,40-44 hours,1083.6
2014,South Australia,Female,45-49 hours,0.0
2014,South Australia,Female,50-59 hours,0.0
2014,South Australia,Female,60-69 hours,0.0
2014,South Australia,Female,70 hours and over,0.0
2014,Western Australia,Male,1-9 hours,124.9
2014,Western Australia,Male,10-19 hours,435.4
2014,Western Australia,Male,20-29 hours,654.8
2014,Western Australia,Male,30-34 hours,1250.0
2014,Western Australia,Male,35-39 hours,1342.0
2014,Western Australia,Male,40-44 hours,1366.2
2014,Western Australia,Male,45-49 hours,1889.8
2014,Western Australia,Male,50-59 hours,2000.0
2014,Western Australia,Male,60-69 hours,2000.0
2014,Western Australia,Male,70 hours and over,2976.8
2014,Western Australia,Female,1-9 hours,125.7
2014,Western Australia,Female,10-19 hours,424.3
2014,Western Australia,Female,20-29 hours,650.0
2014,Western Australia,Female,30-34 hours,950.0
2014,Western Australia,Female,35-39 hours,1100.0
2014,Western Australia,Female,40-44 hours,1250.0
2014,Western Australia,Female,45-49 hours,1432.0
2014,Western Australia,Female,50-59 hours,1523.7
2014,Western Australia,Female,60-69 hours,0.0
2014,Western Australia,Female,70 hours and over,0.0
2014,Tasmania,Male,1-9 hours,104.4
2014,Tasmania,Male,10-19 hours,375.3
2014,Tasmania,Male,20-29 hours,666.7
2014,Tasmania,Male,30-34 hours,1000.0
2014,Tasmania,Male,35-39 hours,1037.0
2014,Tasmania,Male,40-44 hours,1040.3
2014,Tasmania,Male,45-49 hours,1241.3
2014,Tasmania,Male,50-59 hours,1432.9
2014,Tasmania,Male,60-69 hours,0.0
2014,Tasmania,Male,70 hours and over,0.0
2014,Tasmania,Female,1-9 hours,125.0
2014,Tasmania,Female,10-19 hours,400.0
2014,Tasmania,Female,20-29 hours,580.0
2014,Tasmania,Female,30-34 hours,799.3
2014,Tasmania,Female,35-39 hours,1000.0
2014,Tasmania,Female,40-44 hours,1000.0
2014,Tasmania,Female,45-49 hours,0.0
2014,Tasmania,Female,50-59 hours,0.0
2014,Tasmania,Female,60-69 hours,0.0
2014,Tasmania,Female,70 hours and over,0.0
2014,Northern Territory,Male,1-9 hours,0.0
2014,Northern Territory,Male,10-19 hours,0.0
2014,Northern Territory,Male,20-29 hours,637.6
2014,Northern Territory,Male,30-34 hours,1163.3
2014,Northern Territory,Male,35-39 hours,1450.0
2014,Northern Territory,Male,40-44 hours,1500.0
2014,Northern Territory,Male,45-49 hours,1857.3
2014,Northern Territory,Male,50-59 hours,1985.6
2014,Northern Territory,Male,60-69 hours,2526.8
2014,Northern Territory,Male,70 hours and over,3000.0
2014,Northern Territory,Female,1-9 hours,114.0
2014,Northern Territory,Female,10-19 hours,400.0
2014,Northern Territory,Female,20-29 hours,691.5
2014,Northern Territory,Female,30-34 hours,971.0
2014,Northern Territory,Female,35-39 hours,1300.0
2014,Northern Territory,Female,40-44 hours,1106.7
2014,Northern Territory,Female,45-49 hours,0.0
2014,Northern Territory,Female,50-59 hours,1751.6
2014,Northern Territory,Female,60-69 hours,0.0
2014,Northern Territory,Female,70 hours and over,0.0
2014,Australian Capital Territory,Male,1-9 hours,0.0
2014,Australian Capital Territory,Male,10-19 hours,561.7
2014,Australian Capital Territory,Male,20-29 hours,750.0
2014,Australian Capital Territory,Male,30-34 hours,869.1
2014,Australian Capital Territory,Male,35-39 hours,1603.0
2014,Australian Capital Territory,Male,40-44 hours,1280.9
2014,Australian Capital Territory,Male,45-49 hours,2383.8
2014,Australian Capital Territory,Male,50-59 hours,1357.3
2014,Australian Capital Territory,Male,60-69 hours,0.0
2014,Australian Capital Territory,Male,70 hours and over,0.0
2014,Australian Capital Territory,Female,1-9 hours,135.0
2014,Australian Capital Territory,Female,10-19 hours,610.2
2014,Australian Capital Territory,Female,20-29 hours,900.0
2014,Australian Capital Territory,Female,30-34 hours,1150.4
2014,Australian Capital Territory,Female,35-39 hours,1430.3
2014,Australian Capital Territory,Female,40-44 hours,1267.4
2014,Australian Capital Territory,Female,45-49 hours,0.0
2014,Australian Capital Territory,Female,50-59 hours,0.0
2014,Australian Capital Territory,Female,60-69 hours,0.0
2014,Australian Capital Territory,Female,70 hours and over,0.0
2015,New South Wales,Male,1-9 hours,132.8
2015,New South Wales,Male,10-19 hours,359.8
2015,New South Wales,Male,20-29 hours,600.0
2015,New South Wales,Male,30-34 hours,1049.2
2015,New South Wales,Male,35-39 hours,1299.7
2015,New South Wales,Male,40-44 hours,1250.0
2015,New South Wales,Male,45-49 hours,1429.6
2015,New South Wales,Male,50-59 hours,1500.0
2015,New South Wales,Male,60-69 hours,1728.9
2015,New South Wales,Male,70 hours and over,1718.2
2015,New South Wales,Female,1-9 hours,125.8
2015,New South Wales,Female,10-19 hours,384.7
2015,New South Wales,Female,20-29 hours,629.8
2015,New South Wales,Female,30-34 hours,900.0
2015,New South Wales,Female,35-39 hours,1050.0
2015,New South Wales,Female,40-44 hours,1200.0
2015,New South Wales,Female,45-49 hours,1293.6
2015,New South Wales,Female,50-59 hours,1421.9
2015,New South Wales,Female,60-69 hours,0.0
2015,New South Wales,Female,70 hours and over,0.0
2015,Victoria,Male,1-9 hours,147.4
2015,Victoria,Male,10-19 hours,400.0
2015,Victoria,Male,20-29 hours,699.3
2015,Victoria,Male,30-34 hours,1000.0
2015,Victoria,Male,35-39 hours,1200.5
2015,Victoria,Male,40-44 hours,1188.1
2015,Victoria,Male,45-49 hours,1609.2
2015,Victoria,Male,50-59 hours,1500.0
2015,Victoria,Male,60-69 hours,1643.7
2015,Victoria,Male,70 hours and over,1392.0
2015,Victoria,Female,1-9 hours,140.0
2015,Victoria,Female,10-19 hours,386.7
2015,Victoria,Female,20-29 hours,673.6
2015,Victoria,Female,30-34 hours,896.4
2015,Victoria,Female,35-39 hours,1057.0
2015,Victoria,Female,40-44 hours,1100.0
2015,Victoria,Female,45-49 hours,1333.4
2015,Victoria,Female,50-59 hours,1448.3
2015,Victoria,Female,60-69 hours,0.0
2015,Victoria,Female,70 hours and over,0.0
2015,Queensland,Male,1-9 hours,99.1
2015,Queensland,Male,10-19 hours,360.8
2015,Queensland,Male,20-29 hours,600.0
2015,Queensland,Male,30-34 hours,1000.0
2015,Queensland,Male,35-39 hours,1089.4
2015,Queensland,Male,40-44 hours,1200.0
2015,Queensland,Male,45-49 hours,1449.4
2015,Queensland,Male,50-59 hours,1549.9
2015,Queensland,Male,60-69 hours,2120.8
2015,Queensland,Male,70 hours and over,2167.7
2015,Queensland,Female,1-9 hours,146.8
2015,Queensland,Female,10-19 hours,400.0
2015,Queensland,Female,20-29 hours,654.0
2015,Queensland,Female,30-34 hours,805.0
2015,Queensland,Female,35-39 hours,1046.7
2015,Queensland,Female,40-44 hours,1110.0
2015,Queensland,Female,45-49 hours,1247.2
2015,Queensland,Female,50-59 hours,1256.8
2015,Queensland,Female,60-69 hours,0.0
2015,Queensland,Female,70 hours and over,0.0
2015,South Australia,Male,1-9 hours,152.0
2015,South Australia,Male,10-19 hours,436.9
2015,South Australia,Male,20-29 hours,669.9
2015,South Australia,Male,30-34 hours,943.5
2015,South Australia,Male,35-39 hours,1150.0
2015,South Australia,Male,40-44 hours,1200.0
2015,South Australia,Male,45-49 hours,1381.3
2015,South Australia,Male,50-59 hours,1680.3
2015,South Australia,Male,60-69 hours,1616.5
2015,South Australia,Male,70 hours and over,2027.4
2015,South Australia,Female,1-9 hours,156.7
2015,South Australia,Female,10-19 hours,396.6
2015,South Australia,Female,20-29 hours,608.7
2015,South Australia,Female,30-34 hours,857.6
2015,South Australia,Female,35-39 hours,1108.9
2015,South Australia,Female,40-44 hours,1106.0
2015,South Australia,Female,45-49 hours,1589.1
2015,South Australia,Female,50-59 hours,0.0
2015,South Australia,Female,60-69 hours,0.0
2015,South Australia,Female,70 hours and over,0.0
2015,Western Australia,Male,1-9 hours,117.4
2015,Western Australia,Male,10-19 hours,307.7
2015,Western Australia,Male,20-29 hours,600.0
2015,Western Australia,Male,30-34 hours,1490.3
2015,Western Australia,Male,35-39 hours,1303.2
2015,Western Australia,Male,40-44 hours,1346.0
2015,Western Australia,Male,45-49 hours,1701.4
2015,Western Australia,Male,50-59 hours,1800.0
2015,Western Australia,Male,60-69 hours,2336.8
2015,Western Australia,Male,70 hours and over,2500.0
2015,Western Australia,Female,1-9 hours,125.0
2015,Western Australia,Female,10-19 hours,414.0
2015,Western Australia,Female,20-29 hours,655.3
2015,Western Australia,Female,30-34 hours,850.3
2015,Western Australia,Female,35-39 hours,1100.2
2015,Western Australia,Female,40-44 hours,1200.0
2015,Western Australia,Female,45-49 hours,1490.0
2015,Western Australia,Female,50-59 hours,1893.5
2015,Western Australia,Female,60-69 hours,0.0
2015,Western Australia,Female,70 hours and over,0.0
2015,Tasmania,Male,1-9 hours,101.0
2015,Tasmania,Male,10-19 hours,377.5
2015,Tasmania,Male,20-29 hours,529.3
2015,Tasmania,Male,30-34 hours,799.1
2015,Tasmania,Male,35-39 hours,1050.9
2015,Tasmania,Male,40-44 hours,1000.0
2015,Tasmania,Male,45-49 hours,1230.0
2015,Tasmania,Male,50-59 hours,1262.2
2015,Tasmania,Male,60-69 hours,0.0
2015,Tasmania,Male,70 hours and over,0.0
2015,Tasmania,Female,1-9 hours,116.0
2015,Tasmania,Female,10-19 hours,399.7
2015,Tasmania,Female,20-29 hours,601.8
2015,Tasmania,Female,30-34 hours,850.0
2015,Tasmania,Female,35-39 hours,1017.2
2015,Tasmania,Female,40-44 hours,1000.0
2015,Tasmania,Female,45-49 hours,0.0
2015,Tasmania,Female,50-59 hours,0.0
2015,Tasmania,Female,60-69 hours,0.0
2015,Tasmania,Female,70 hours and over,0.0
2015,Northern Territory,Male,1-9 hours,0.0
2015,Northern Territory,Male,10-19 hours,0.0
2015,Northern Territory,Male,20-29 hours,948.7
2015,Northern Territory,Male,30-34 hours,990.2
2015,Northern Territory,Male,35-39 hours,1201.8
2015,Northern Territory,Male,40-44 hours,1250.0
2015,Northern Territory,Male,45-49 hours,1495.9
2015,Northern Territory,Male,50-59 hours,1730.8
2015,Northern Territory,Male,60-69 hours,2383.1
2015,Northern Territory,Male,70 hours and over,2023.9
2015,Northern Territory,Female,1-9 hours,191.4
2015,Northern Territory,Female,10-19 hours,408.4
2015,Northern Territory,Female,20-29 hours,570.6
2015,Northern Territory,Female,30-34 hours,850.0
2015,Northern Territory,Female,35-39 hours,1150.0
2015,Northern Territory,Female,40-44 hours,1200.0
2015,Northern Territory,Female,45-49 hours,0.0
2015,Northern Territory,Female,50-59 hours,0.0
2015,Northern Territory,Female,60-69 hours,0.0
2015,Northern Territory,Female,70 hours and over,0.0
2015,Australian Capital Territory,Male,1-9 hours,0.0
2015,Australian Capital Territory,Male,10-19 hours,534.6
2015,Australian Capital Territory,Male,20-29 hours,607.6
2015,Australian Capital Territory,Male,30-34 hours,1090.5
2015,Australian Capital Territory,Male,35-39 hours,1504.7
2015,Australian Capital Territory,Male,40-44 hours,1430.9
2015,Australian Capital Territory,Male,45-49 hours,1608.6
2015,Australian Capital Territory,Male,50-59 hours,1373.6
2015,Australian Capital Territory,Male,60-69 hours,0.0
2015,Australian Capital Territory,Male,70 hours and over,0.0
2015,Australian Capital Territory,Female,1-9 hours,129.5
2015,Australian Capital Territory,Female,10-19 hours,597.5
2015,Australian Capital Territory,Female,20-29 hours,674.1
2015,Australian Capital Territory,Female,30-34 hours,1006.6
2015,Australian Capital Territory,Female,35-39 hours,1438.0
2015,Australian Capital Territory,Female,40-44 hours,1293.4
2015,Australian Capital Territory,Female,45-49 hours,0.0
2015,Australian Capital Territory,Female,50-59 hours,0.0
2015,Australian Capital Territory,Female,60-69 hours,0.0
2015,Australian Capital Territory,Female,70 hours and over,0.0
2016,New South Wales,Male,1-9 hours,125.1
2016,New South Wales,Male,10-19 hours,403.1
2016,New South Wales,Male,20-29 hours,600.0
2016,New South Wales,Male,30-34 hours,1050.0
2016,New South Wales,Male,35-39 hours,1260.2
2016,New South Wales,Male,40-44 hours,1250.0
2016,New South Wales,Male,45-49 hours,1602.6
2016,New South Wales,Male,50-59 hours,1700.0
2016,New South Wales,Male,60-69 hours,1814.5
2016,New South Wales,Male,70 hours and over,2062.8
2016,New South Wales,Female,1-9 hours,150.6
2016,New South Wales,Female,10-19 hours,408.3
2016,New South Wales,Female,20-29 hours,699.5
2016,New South Wales,Female,30-34 hours,950.0
2016,New South Wales,Female,35-39 hours,1150.0
2016,New South Wales,Female,40-44 hours,1110.2
2016,New South Wales,Female,45-49 hours,1289.0
2016,New South Wales,Female,50-59 hours,1748.4
2016,New South Wales,Female,60-69 hours,0.0
2016,New South Wales,Female,70 hours and over,0.0
2016,Victoria,Male,1-9 hours,120.0
2016,Victoria,Male,10-19 hours,400.0
2016,Victoria,Male,20-29 hours,663.1
2016,Victoria,Male,30-34 hours,1100.0
2016,Victoria,Male,35-39 hours,1242.0
2016,Victoria,Male,40-44 hours,1252.3
2016,Victoria,Male,45-49 hours,1500.0
2016,Victoria,Male,50-59 hours,1611.1
2016,Victoria,Male,60-69 hours,1884.5
2016,Victoria,Male,70 hours and over,1800.0
2016,Victoria,Female,1-9 hours,139.9
2016,Victoria,Female,10-19 hours,383.0
2016,Victoria,Female,20-29 hours,654.6
2016,Victoria,Female,30-34 hours,900.0
2016,Victoria,Female,35-39 hours,1090.0
2016,Victoria,Female,40-44 hours,1200.0
2016,Victoria,Female,45-49 hours,1230.2
2016,Victoria,Female,50-59 hours,1206.6
2016,Victoria,Female,60-69 hours,2153.1
2016,Victoria,Female,70 hours and over,0.0
2016,Queensland,Male,1-9 hours,120.0
2016,Queensland,Male,10-19 hours,400.0
2016,Queensland,Male,20-29 hours,602.0
2016,Queensland,Male,30-34 hours,920.0
2016,Queensland,Male,35-39 hours,1165.1
2016,Queensland,Male,40-44 hours,1200.0
2016,Queensland,Male,45-49 hours,1500.0
2016,Queensland,Male,50-59 hours,1536.8
2016,Queensland,Male,60-69 hours,1714.0
2016,Queensland,Male,70 hours and over,2592.3
2016,Queensland,Female,1-9 hours,133.1
2016,Queensland,Female,10-19 hours,397.4
2016,Queensland,Female,20-29 hours,650.0
2016,Queensland,Female,30-34 hours,905.3
2016,Queensland,Female,35-39 hours,1056.4
2016,Queensland,Female,40-44 hours,1100.0
2016,Queensland,Female,45-49 hours,1212.2
2016,Queensland,Female,50-59 hours,1428.1
2016,Queensland,Female,60-69 hours,1517.3
2016,Queensland,Female,70 hours and over,0.0
2016,South Australia,Male,1-9 hours,128.0
2016,South Australia,Male,10-19 hours,400.0
2016,South Australia,Male,20-29 hours,600.4
2016,South Australia,Male,30-34 hours,934.5
2016,South Australia,Male,35-39 hours,1200.0
2016,South Australia,Male,40-44 hours,1200.0
2016,South Australia,Male,45-49 hours,1470.7
2016,South Australia,Male,50-59 hours,1500.0
2016,South Australia,Male,60-69 hours,1791.9
2016,South Australia,Male,70 hours and over,2721.4
2016,South Australia,Female,1-9 hours,140.0
2016,South Australia,Female,10-19 hours,406.2
2016,South Australia,Female,20-29 hours,650.0
2016,South Australia,Female,30-34 hours,898.3
2016,South Australia,Female,35-39 hours,1100.0
2016,South Australia,Female,40-44 hours,1100.0
2016,South Australia,Female,45-49 hours,0.0
2016,South Australia,Female,50-59 hours,0.0
2016,South Australia,Female,60-69 hours,0.0
2016,South Australia,Female,70 hours and over,0.0
2016,Western Australia,Male,1-9 hours,120.0
2016,Western Australia,Male,10-19 hours,388.8
2016,Western Australia,Male,20-29 hours,692.8
2016,Western Australia,Male,30-34 hours,1113.9
2016,Western Australia,Male,35-39 hours,1342.0
2016,Western Australia,Male,40-44 hours,1387.3
2016,Western Australia,Male,45-49 hours,1692.1
2016,Western Australia,Male,50-59 hours,1813.2
2016,Western Australia,Male,60-69 hours,2080.0
2016,Western Australia,Male,70 hours and over,2601.5
2016,Western Australia,Female,1-9 hours,148.9
2016,Western Australia,Female,10-19 hours,400.0
2016,Western Australia,Female,20-29 hours,656.7
2016,Western Australia,Female,30-34 hours,999.9
2016,Western Australia,Female,35-39 hours,1148.1
2016,Western Australia,Female,40-44 hours,1250.0
2016,Western Australia,Female,45-49 hours,1277.3
2016,Western Australia,Female,50-59 hours,1722.9
2016,Western Australia,Female,60-69 hours,0.0
2016,Western Australia,Female,70 hours and over,0.0
2016,Tasmania,Male,1-9 hours,108.7
2016,Tasmania,Male,10-19 hours,450.0
2016,Tasmania,Male,20-29 hours,639.8
2016,Tasmania,Male,30-34 hours,919.2
2016,Tasmania,Male,35-39 hours,1058.8
2016,Tasmania,Male,40-44 hours,1189.3
2016,Tasmania,Male,45-49 hours,1500.0
2016,Tasmania,Male,50-59 hours,1520.0
2016,Tasmania,Male,60-69 hours,0.0
2016,Tasmania,Male,70 hours and over,0.0
2016,Tasmania,Female,1-9 hours,119.5
2016,Tasmania,Female,10-19 hours,400.0
2016,Tasmania,Female,20-29 hours,610.0
2016,Tasmania,Female,30-34 hours,885.8
2016,Tasmania,Female,35-39 hours,1079.9
2016,Tasmania,Female,40-44 hours,1000.0
2016,Tasmania,Female,45-49 hours,0.0
2016,Tasmania,Female,50-59 hours,0.0
2016,Tasmania,Female,60-69 hours,0.0
2016,Tasmania,Female,70 hours and over,0.0
2016,Northern Territory,Male,1-9 hours,0.0
2016,Northern Territory,Male,10-19 hours,0.0
2016,Northern Territory,Male,20-29 hours,542.0
2016,Northern Territory,Male,30-34 hours,1181.3
2016,Northern Territory,Male,35-39 hours,1346.3
2016,Northern Territory,Male,40-44 hours,1400.0
2016,Northern Territory,Male,45-49 hours,1885.3
2016,Northern Territory,Male,50-59 hours,2182.9
2016,Northern Territory,Male,60-69 hours,2232.2
2016,Northern Territory,Male,70 hours and over,2112.1
2016,Northern Territory,Female,1-9 hours,120.6
2016,Northern Territory,Female,10-19 hours,450.0
2016,Northern Territory,Female,20-29 hours,599.8
2016,Northern Territory,Female,30-34 hours,1056.2
2016,Northern Territory,Female,35-39 hours,1200.0
2016,Northern Territory,Female,40-44 hours,1100.0
2016,Northern Territory,Female,45-49 hours,1400.0
2016,Northern Territory,Female,50-59 hours,0.0
2016,Northern Territory,Female,60-69 hours,0.0
2016,Northern Territory,Female,70 hours and over,0.0
2016,Australian Capital Territory,Male,1-9 hours,119.3
2016,Australian Capital Territory,Male,10-19 hours,651.1
2016,Australian Capital Territory,Male,20-29 hours,773.1
2016,Australian Capital Territory,Male,30-34 hours,1096.3
2016,Australian Capital Territory,Male,35-39 hours,1600.0
2016,Australian Capital Territory,Male,40-44 hours,1402.1
2016,Australian Capital Territory,Male,45-49 hours,1200.0
2016,Australian Capital Territory,Male,50-59 hours,1607.9
2016,Australian Capital Territory,Male,60-69 hours,0.0
2016,Australian Capital Territory,Male,70 hours and over,0.0
2016,Australian Capital Territory,Female,1-9 hours,174.7
2016,Australian Capital Territory,Female,10-19 hours,554.3
2016,Australian Capital Territory,Female,20-29 hours,720.8
2016,Australian Capital Territory,Female,30-34 hours,1162.9
2016,Australian Capital Territory,Female,35-39 hours,1350.0
2016,Australian Capital Territory,Female,40-44 hours,1400.0
2016,Australian Capital Territory,Female,45-49 hours,0.0
2016,Australian Capital Territory,Female,50-59 hours,0.0
2016,Australian Capital Territory,Female,60-69 hours,0.0
2016,Australian Capital Territory,Female,70 hours and over,0.0
2017,New South Wales,Male,1-9 hours,160.0
2017,New South Wales,Male,10-19 hours,426.3
2017,New South Wales,Male,20-29 hours,609.0
2017,New South Wales,Male,30-34 hours,1152.3
2017,New South Wales,Male,35-39 hours,1281.0
2017,New South Wales,Male,40-44 hours,1250.0
2017,New South Wales,Male,45-49 hours,1609.1
2017,New South Wales,Male,50-59 hours,1711.6
2017,New South Wales,Male,60-69 hours,1883.5
2017,New South Wales,Male,70 hours and over,1737.1
2017,New South Wales,Female,1-9 hours,150.0
2017,New South Wales,Female,10-19 hours,408.5
2017,New South Wales,Female,20-29 hours,631.5
2017,New South Wales,Female,30-34 hours,920.0
2017,New South Wales,Female,35-39 hours,1150.0
2017,New South Wales,Female,40-44 hours,1240.5
2017,New South Wales,Female,45-49 hours,1646.0
2017,New South Wales,Female,50-59 hours,1968.7
2017,New South Wales,Female,60-69 hours,0.0
2017,New South Wales,Female,70 hours and over,0.0
2017,Victoria,Male,1-9 hours,128.9
2017,Victoria,Male,10-19 hours,400.0
2017,Victoria,Male,20-29 hours,735.2
2017,Victoria,Male,30-34 hours,1191.7
2017,Victoria,Male,35-39 hours,1250.0
2017,Victoria,Male,40-44 hours,1250.0
2017,Victoria,Male,45-49 hours,1663.8
2017,Victoria,Male,50-59 hours,1700.0
2017,Victoria,Male,60-69 hours,1796.6
2017,Victoria,Male,70 hours and over,1734.1
2017,Victoria,Female,1-9 hours,150.0
2017,Victoria,Female,10-19 hours,422.7
2017,Victoria,Female,20-29 hours,654.0
2017,Victoria,Female,30-34 hours,948.6
2017,Victoria,Female,35-39 hours,1100.0
2017,Victoria,Female,40-44 hours,1290.5
2017,Victoria,Female,45-49 hours,1603.3
2017,Victoria,Female,50-59 hours,1528.0
2017,Victoria,Female,60-69 hours,0.0
2017,Victoria,Female,70 hours and over,0.0
2017,Queensland,Male,1-9 hours,119.8
2017,Queensland,Male,10-19 hours,400.0
2017,Queensland,Male,20-29 hours,650.0
2017,Queensland,Male,30-34 hours,1036.7
2017,Queensland,Male,35-39 hours,1150.0
2017,Queensland,Male,40-44 hours,1300.0
2017,Queensland,Male,45-49 hours,1634.8
2017,Queensland,Male,50-59 hours,1600.0
2017,Queensland,Male,60-69 hours,1861.9
2017,Queensland,Male,70 hours and over,1947.5
2017,Queensland,Female,1-9 hours,150.0
2017,Queensland,Female,10-19 hours,410.0
2017,Queensland,Female,20-29 hours,649.0
2017,Queensland,Female,30-34 hours,889.7
2017,Queensland,Female,35-39 hours,1091.1
2017,Queensland,Female,40-44 hours,1150.0
2017,Queensland,Female,45-49 hours,1339.7
2017,Queensland,Female,50-59 hours,1619.0
2017,Queensland,Female,60-69 hours,0.0
2017,Queensland,Female,70 hours and over,0.0
2017,South Australia,Male,1-9 hours,150.0
2017,South Australia,Male,10-19 hours,400.0
2017,South Australia,Male,20-29 hours,629.8
2017,South Australia,Male,30-34 hours,900.0
2017,South Australia,Male,35-39 hours,1178.6
2017,South Australia,Male,40-44 hours,1150.0
2017,South Australia,Male,45-49 hours,1387.5
2017,South Australia,Male,50-59 hours,1500.0
2017,South Australia,Male,60-69 hours,1737.6
2017,South Australia,Male,70 hours and over,2458.4
2017,South Australia,Female,1-9 hours,137.9
2017,South Australia,Female,10-19 hours,411.6
2017,South Australia,Female,20-29 hours,699.1
2017,South Australia,Female,30-34 hours,923.5
2017,South Australia,Female,35-39 hours,1045.1
2017,South Australia,Female,40-44 hours,1196.1
2017,South Australia,Female,45-49 hours,1119.3
2017,South Australia,Female,50-59 hours,1296.8
2017,South Australia,Female,60-69 hours,0.0
2017,South Australia,Female,70 hours and over,0.0
2017,Western Australia,Male,1-9 hours,121.0
2017,Western Australia,Male,10-19 hours,419.0
2017,Western Australia,Male,20-29 hours,750.0
2017,Western Australia,Male,30-34 hours,1194.1
2017,Western Australia,Male,35-39 hours,1358.7
2017,Western Australia,Male,40-44 hours,1420.5
2017,Western Australia,Male,45-49 hours,1707.3
2017,Western Australia,Male,50-59 hours,1890.0
2017,Western Australia,Male,60-69 hours,2276.7
2017,Western Australia,Male,70 hours and over,2129.6
2017,Western Australia,Female,1-9 hours,157.7
2017,Western Australia,Female,10-19 hours,414.4
2017,Western Australia,Female,20-29 hours,693.0
2017,Western Australia,Female,30-34 hours,978.5
2017,Western Australia,Female,35-39 hours,1190.1
2017,Western Australia,Female,40-44 hours,1340.4
2017,Western Australia,Female,45-49 hours,1329.2
2017,Western Australia,Female,50-59 hours,1550.0
2017,Western Australia,Female,60-69 hours,0.0
2017,Western Australia,Female,70 hours and over,0.0
2017,Tasmania,Male,1-9 hours,119.3
2017,Tasmania,Male,10-19 hours,417.5
2017,Tasmania,Male,20-29 hours,750.0
2017,Tasmania,Male,30-34 hours,814.0
2017,Tasmania,Male,35-39 hours,1200.0
2017,Tasmania,Male,40-44 hours,1150.0
2017,Tasmania,Male,45-49 hours,1434.7
2017,Tasmania,Male,50-59 hours,1500.0
2017,Tasmania,Male,60-69 hours,0.0
2017,Tasmania,Male,70 hours and over,0.0
2017,Tasmania,Female,1-9 hours,150.1
2017,Tasmania,Female,10-19 hours,375.5
2017,Tasmania,Female,20-29 hours,650.0
2017,Tasmania,Female,30-34 hours,881.1
2017,Tasmania,Female,35-39 hours,1075.3
2017,Tasmania,Female,40-44 hours,1101.4
2017,Tasmania,Female,45-49 hours,0.0
2017,Tasmania,Female,50-59 hours,0.0
2017,Tasmania,Female,60-69 hours,0.0
2017,Tasmania,Female,70 hours and over,0.0
2017,Northern Territory,Male,1-9 hours,0.0
2017,Northern Territory,Male,10-19 hours,538.8
2017,Northern Territory,Male,20-29 hours,649.1
2017,Northern Territory,Male,30-34 hours,1134.9
2017,Northern Territory,Male,35-39 hours,1438.0
2017,Northern Territory,Male,40-44 hours,1201.6
2017,Northern Territory,Male,45-49 hours,1577.2
2017,Northern Territory,Male,50-59 hours,2000.0
2017,Northern Territory,Male,60-69 hours,2755.0
2017,Northern Territory,Male,70 hours and over,2874.1
2017,Northern Territory,Female,1-9 hours,110.1
2017,Northern Territory,Female,10-19 hours,515.6
2017,Northern Territory,Female,20-29 hours,759.6
2017,Northern Territory,Female,30-34 hours,900.0
2017,Northern Territory,Female,35-39 hours,1200.0
2017,Northern Territory,Female,40-44 hours,1300.0
2017,Northern Territory,Female,45-49 hours,1153.0
2017,Northern Territory,Female,50-59 hours,0.0
2017,Northern Territory,Female,60-69 hours,0.0
2017,Northern Territory,Female,70 hours and over,0.0
2017,Australian Capital Territory,Male,1-9 hours,132.5
2017,Australian Capital Territory,Male,10-19 hours,771.8
2017,Australian Capital Territory,Male,20-29 hours,782.6
2017,Australian Capital Territory,Male,30-34 hours,1476.0
2017,Australian Capital Territory,Male,35-39 hours,1667.5
2017,Australian Capital Territory,Male,40-44 hours,1472.3
2017,Australian Capital Territory,Male,45-49 hours,1800.0
2017,Australian Capital Territory,Male,50-59 hours,0.0
2017,Australian Capital Territory,Male,60-69 hours,0.0
2017,Australian Capital Territory,Male,70 hours and over,0.0
2017,Australian Capital Territory,Female,1-9 hours,120.0
2017,Australian Capital Territory,Female,10-19 hours,500.0
2017,Australian Capital Territory,Female,20-29 hours,922.1
2017,Australian Capital Territory,Female,30-34 hours,1197.1
2017,Australian Capital Territory,Female,35-39 hours,1400.0
2017,Australian Capital Territory,Female,40-44 hours,1483.2
2017,Australian Capital Territory,Female,45-49 hours,0.0
2017,Australian Capital Territory,Female,50-59 hours,0.0
2017,Australian Capital Territory,Female,60-69 hours,0.0
2017,Australian Capital Territory,Female,70 hours and over,0.0
2018,New South Wales,Male,1-9 hours,125.0
2018,New South Wales,Male,10-19 hours,420.0
2018,New South Wales,Male,20-29 hours,672.9
2018,New South Wales,Male,30-34 hours,1098.5
2018,New South Wales,Male,35-39 hours,1400.0
2018,New South Wales,Male,40-44 hours,1342.0
2018,New South Wales,Male,45-49 hours,1600.3
2018,New South Wales,Male,50-59 hours,1800.0
2018,New South Wales,Male,60-69 hours,1741.7
2018,New South Wales,Male,70 hours and over,1918.3
2018,New South Wales,Female,1-9 hours,150.0
2018,New South Wales,Female,10-19 hours,433.6
2018,New South Wales,Female,20-29 hours,661.8
2018,New South Wales,Female,30-34 hours,1000.0
2018,New South Wales,Female,35-39 hours,1200.0
2018,New South Wales,Female,40-44 hours,1232.9
2018,New South Wales,Female,45-49 hours,1773.2
2018,New South Wales,Female,50-59 hours,1818.7
2018,New South Wales,Female,60-69 hours,0.0
2018,New South Wales,Female,70 hours and over,0.0
2018,Victoria,Male,1-9 hours,150.0
2018,Victoria,Male,10-19 hours,416.8
2018,Victoria,Male,20-29 hours,673.4
2018,Victoria,Male,30-34 hours,1150.0
2018,Victoria,Male,35-39 hours,1380.0
2018,Victoria,Male,40-44 hours,1318.5
2018,Victoria,Male,45-49 hours,1570.2
2018,Victoria,Male,50-59 hours,1610.0
2018,Victoria,Male,60-69 hours,1612.3
2018,Victoria,Male,70 hours and over,2109.7
2018,Victoria,Female,1-9 hours,137.3
2018,Victoria,Female,10-19 hours,460.9
2018,Victoria,Female,20-29 hours,700.0
2018,Victoria,Female,30-34 hours,947.5
2018,Victoria,Female,35-39 hours,1200.0
2018,Victoria,Female,40-44 hours,1289.8
2018,Victoria,Female,45-49 hours,1329.5
2018,Victoria,Female,50-59 hours,1846.1
2018,Victoria,Female,60-69 hours,1421.5
2018,Victoria,Female,70 hours and over,0.0
2018,Queensland,Male,1-9 hours,120.0
2018,Queensland,Male,10-19 hours,389.0
2018,Queensland,Male,20-29 hours,699.4
2018,Queensland,Male,30-34 hours,900.0
2018,Queensland,Male,35-39 hours,1300.0
2018,Queensland,Male,40-44 hours,1349.4
2018,Queensland,Male,45-49 hours,1535.8
2018,Queensland,Male,50-59 hours,1800.0
2018,Queensland,Male,60-69 hours,2221.6
2018,Queensland,Male,70 hours and over,2052.4
2018,Queensland,Female,1-9 hours,151.9
2018,Queensland,Female,10-19 hours,398.6
2018,Queensland,Female,20-29 hours,687.7
2018,Queensland,Female,30-34 hours,900.0
2018,Queensland,Female,35-39 hours,1149.5
2018,Queensland,Female,40-44 hours,1172.9
2018,Queensland,Female,45-49 hours,1320.4
2018,Queensland,Female,50-59 hours,1431.6
2018,Queensland,Female,60-69 hours,0.0
2018,Queensland,Female,70 hours and over,0.0
2018,South Australia,Male,1-9 hours,140.3
2018,South Australia,Male,10-19 hours,406.6
2018,South Australia,Male,20-29 hours,754.1
2018,South Australia,Male,30-34 hours,899.0
2018,South Australia,Male,35-39 hours,1200.0
2018,South Australia,Male,40-44 hours,1214.3
2018,South Australia,Male,45-49 hours,1389.6
2018,South Australia,Male,50-59 hours,1600.0
2018,South Australia,Male,60-69 hours,2001.5
2018,South Australia,Male,70 hours and over,0.0
2018,South Australia,Female,1-9 hours,150.0
2018,South Australia,Female,10-19 hours,428.3
2018,South Australia,Female,20-29 hours,689.0
2018,South Australia,Female,30-34 hours,876.0
2018,South Australia,Female,35-39 hours,1139.4
2018,South Australia,Female,40-44 hours,1150.0
2018,South Australia,Female,45-49 hours,0.0
2018,South Australia,Female,50-59 hours,0.0
2018,South Australia,Female,60-69 hours,0.0
2018,South Australia,Female,70 hours and over,0.0
2018,Western Australia,Male,1-9 hours,162.1
2018,Western Australia,Male,10-19 hours,499.0
2018,Western Australia,Male,20-29 hours,750.0
2018,Western Australia,Male,30-34 hours,1300.0
2018,Western Australia,Male,35-39 hours,1425.3
2018,Western Australia,Male,40-44 hours,1501.4
2018,Western Australia,Male,45-49 hours,1600.0
2018,Western Australia,Male,50-59 hours,2000.0
2018,Western Australia,Male,60-69 hours,2108.8
2018,Western Australia,Male,70 hours and over,2705.2
2018,Western Australia,Female,1-9 hours,145.4
2018,Western Australia,Female,10-19 hours,450.0
2018,Western Australia,Female,20-29 hours,727.0
2018,Western Australia,Female,30-34 hours,923.4
2018,Western Australia,Female,35-39 hours,1250.0
2018,Western Australia,Female,40-44 hours,1250.0
2018,Western Australia,Female,45-49 hours,1544.2
2018,Western Australia,Female,50-59 hours,1339.4
2018,Western Australia,Female,60-69 hours,0.0
2018,Western Australia,Female,70 hours and over,0.0
2018,Tasmania,Male,1-9 hours,195.8
2018,Tasmania,Male,10-19 hours,420.0
2018,Tasmania,Male,20-29 hours,735.7
2018,Tasmania,Male,30-34 hours,1000.4
2018,Tasmania,Male,35-39 hours,1150.2
2018,Tasmania,Male,40-44 hours,1217.8
2018,Tasmania,Male,45-49 hours,1459.6
2018,Tasmania,Male,50-59 hours,1412.1
2018,Tasmania,Male,60-69 hours,0.0
2018,Tasmania,Male,70 hours and over,0.0
2018,Tasmania,Female,1-9 hours,165.0
2018,Tasmania,Female,10-19 hours,429.1
2018,Tasmania,Female,20-29 hours,650.0
2018,Tasmania,Female,30-34 hours,959.8
2018,Tasmania,Female,35-39 hours,1151.5
2018,Tasmania,Female,40-44 hours,1200.0
2018,Tasmania,Female,45-49 hours,0.0
2018,Tasmania,Female,50-59 hours,0.0
2018,Tasmania,Female,60-69 hours,0.0
2018,Tasmania,Female,70 hours and over,0.0
2018,Northern Territory,Male,1-9 hours,0.0
2018,Northern Territory,Male,10-19 hours,651.7
2018,Northern Territory,Male,20-29 hours,889.4
2018,Northern Territory,Male,30-34 hours,1052.7
2018,Northern Territory,Male,35-39 hours,1312.4
2018,Northern Territory,Male,40-44 hours,1467.1
2018,Northern Territory,Male,45-49 hours,1899.6
2018,Northern Territory,Male,50-59 hours,1851.0
2018,Northern Territory,Male,60-69 hours,2340.2
2018,Northern Territory,Male,70 hours and over,0.0
2018,Northern Territory,Female,1-9 hours,159.9
2018,Northern Territory,Female,10-19 hours,478.3
2018,Northern Territory,Female,20-29 hours,900.0
2018,Northern Territory,Female,30-34 hours,925.7
2018,Northern Territory,Female,35-39 hours,1252.3
2018,Northern Territory,Female,40-44 hours,1152.8
2018,Northern Territory,Female,45-49 hours,1918.4
2018,Northern Territory,Female,50-59 hours,0.0
2018,Northern Territory,Female,60-69 hours,0.0
2018,Northern Territory,Female,70 hours and over,0.0
2018,Australian Capital Territory,Male,1-9 hours,80.0
2018,Australian Capital Territory,Male,10-19 hours,592.6
2018,Australian Capital Territory,Male,20-29 hours,813.0
2018,Australian Capital Territory,Male,30-34 hours,1150.0
2018,Australian Capital Territory,Male,35-39 hours,1571.2
2018,Australian Capital Territory,Male,40-44 hours,1621.4
2018,Australian Capital Territory,Male,45-49 hours,1660.9
2018,Australian Capital Territory,Male,50-59 hours,0.0
2018,Australian Capital Territory,Male,60-69 hours,0.0
2018,Australian Capital Territory,Male,70 hours and over,0.0
2018,Australian Capital Territory,Female,1-9 hours,149.3
2018,Australian Capital Territory,Female,10-19 hours,605.9
2018,Australian Capital Territory,Female,20-29 hours,914.4
2018,Australian Capital Territory,Female,30-34 hours,1277.3
2018,Australian Capital Territory,Female,35-39 hours,1442.4
2018,Australian Capital Territory,Female,40-44 hours,1502.5
2018,Australian Capital Territory,Female,45-49 hours,0.0
2018,Australian Capital Territory,Female,50-59 hours,0.0
2018,Australian Capital Territory,Female,60-69 hours,0.0
2018,Australian Capital Territory,Female,70 hours and over,0.0
2019,New South Wales,Male,1-9 hours,166.2
2019,New South Wales,Male,10-19 hours,450.0
2019,New South Wales,Male,20-29 hours,650.0
2019,New South Wales,Male,30-34 hours,1127.0
2019,New South Wales,Male,35-39 hours,1398.3
2019,New South Wales,Male,40-44 hours,1400.0
2019,New South Wales,Male,45-49 hours,1769.4
2019,New South Wales,Male,50-59 hours,1800.0
2019,New South Wales,Male,60-69 hours,2300.7
2019,New South Wales,Male,70 hours and over,1898.0
2019,New South Wales,Female,1-9 hours,175.3
2019,New South Wales,Female,10-19 hours,474.7
2019,New South Wales,Female,20-29 hours,750.0
2019,New South Wales,Female,30-34 hours,1016.0
2019,New South Wales,Female,35-39 hours,1247.9
2019,New South Wales,Female,40-44 hours,1250.0
2019,New South Wales,Female,45-49 hours,1591.5
2019,New South Wales,Female,50-59 hours,1604.1
2019,New South Wales,Female,60-69 hours,0.0
2019,New South Wales,Female,70 hours and over,0.0
2019,Victoria,Male,1-9 hours,150.0
2019,Victoria,Male,10-19 hours,417.8
2019,Victoria,Male,20-29 hours,720.1
2019,Victoria,Male,30-34 hours,999.2
2019,Victoria,Male,35-39 hours,1375.9
2019,Victoria,Male,40-44 hours,1373.1
2019,Victoria,Male,45-49 hours,1750.0
2019,Victoria,Male,50-59 hours,1525.8
2019,Victoria,Male,60-69 hours,2069.2
2019,Victoria,Male,70 hours and over,3157.3
2019,Victoria,Female,1-9 hours,160.8
2019,Victoria,Female,10-19 hours,434.0
2019,Victoria,Female,20-29 hours,722.0
2019,Victoria,Female,30-34 hours,1040.0
2019,Victoria,Female,35-39 hours,1220.2
2019,Victoria,Female,40-44 hours,1250.8
2019,Victoria,Female,45-49 hours,1393.5
2019,Victoria,Female,50-59 hours,1500.0
2019,Victoria,Female,60-69 hours,0.0
2019,Victoria,Female,70 hours and over,0.0
2019,Queensland,Male,1-9 hours,129.0
2019,Queensland,Male,10-19 hours,495.9
2019,Queensland,Male,20-29 hours,750.0
2019,Queensland,Male,30-34 hours,1000.0
2019,Queensland,Male,35-39 hours,1216.0
2019,Queensland,Male,40-44 hours,1425.3
2019,Queensland,Male,45-49 hours,1624.7
2019,Queensland,Male,50-59 hours,1738.2
2019,Queensland,Male,60-69 hours,2300.0
2019,Queensland,Male,70 hours and over,3124.5
2019,Queensland,Female,1-9 hours,153.1
2019,Queensland,Female,10-19 hours,430.0
2019,Queensland,Female,20-29 hours,720.0
2019,Queensland,Female,30-34 hours,971.7
2019,Queensland,Female,35-39 hours,1112.4
2019,Queensland,Female,40-44 hours,1250.0
2019,Queensland,Female,45-49 hours,1536.0
2019,Queensland,Female,50-59 hours,1388.9
2019,Queensland,Female,60-69 hours,0.0
2019,Queensland,Female,70 hours and over,0.0
2019,South Australia,Male,1-9 hours,125.0
2019,South Australia,Male,10-19 hours,549.5
2019,South Australia,Male,20-29 hours,723.3
2019,South Australia,Male,30-34 hours,1220.1
2019,South Australia,Male,35-39 hours,1200.0
2019,South Australia,Male,40-44 hours,1300.0
2019,South Australia,Male,45-49 hours,1376.5
2019,South Australia,Male,50-59 hours,1666.9
2019,South Australia,Male,60-69 hours,2423.4
2019,South Australia,Male,70 hours and over,0.0
2019,South Australia,Female,1-9 hours,157.9
2019,South Australia,Female,10-19 hours,443.0
2019,South Australia,Female,20-29 hours,700.0
2019,South Australia,Female,30-34 hours,982.0
2019,South Australia,Female,35-39 hours,1150.0
2019,South Australia,Female,40-44 hours,1202.1
2019,South Australia,Female,45-49 hours,0.0
2019,South Australia,Female,50-59 hours,0.0
2019,South Australia,Female,60-69 hours,0.0
2019,South Australia,Female,70 hours and over,0.0
2019,Western Australia,Male,1-9 hours,150.0
2019,Western Australia,Male,10-19 hours,450.0
2019,Western Australia,Male,20-29 hours,799.6
2019,Western Australia,Male,30-34 hours,1150.0
2019,Western Australia,Male,35-39 hours,1534.0
2019,Western Australia,Male,40-44 hours,1500.4
2019,Western Australia,Male,45-49 hours,1752.4
2019,Western Australia,Male,50-59 hours,2202.7
2019,Western Australia,Male,60-69 hours,2109.8
2019,Western Australia,Male,70 hours and over,2979.2
2019,Western Australia,Female,1-9 hours,175.2
2019,Western Australia,Female,10-19 hours,541.4
2019,Western Australia,Female,20-29 hours,704.0
2019,Western Australia,Female,30-34 hours,1017.2
2019,Western Australia,Female,35-39 hours,1229.4
2019,Western Australia,Female,40-44 hours,1384.8
2019,Western Australia,Female,45-49 hours,1934.0
2019,Western Australia,Female,50-59 hours,1887.5
2019,Western Australia,Female,60-69 hours,0.0
2019,Western Australia,Female,70 hours and over,0.0
2019,Tasmania,Male,1-9 hours,100.0
2019,Tasmania,Male,10-19 hours,488.8
2019,Tasmania,Male,20-29 hours,760.0
2019,Tasmania,Male,30-34 hours,948.3
2019,Tasmania,Male,35-39 hours,1283.7
2019,Tasmania,Male,40-44 hours,1277.4
2019,Tasmania,Male,45-49 hours,1759.9
2019,Tasmania,Male,50-59 hours,1639.5
2019,Tasmania,Male,60-69 hours,0.0
2019,Tasmania,Male,70 hours and over,0.0
2019,Tasmania,Female,1-9 hours,174.8
2019,Tasmania,Female,10-19 hours,450.0
2019,Tasmania,Female,20-29 hours,714.2
2019,Tasmania,Female,30-34 hours,1050.6
2019,Tasmania,Female,35-39 hours,1185.5
2019,Tasmania,Female,40-44 hours,1446.6
2019,Tasmania,Female,45-49 hours,0.0
2019,Tasmania,Female,50-59 hours,0.0
2019,Tasmania,Female,60-69 hours,0.0
2019,Tasmania,Female,70 hours and over,0.0
2019,Northern Territory,Male,1-9 hours,0.0
2019,Northern Territory,Male,10-19 hours,400.0
2019,Northern Territory,Male,20-29 hours,750.0
2019,Northern Territory,Male,30-34 hours,1050.0
2019,Northern Territory,Male,35-39 hours,1439.6
2019,Northern Territory,Male,40-44 hours,1400.0
2019,Northern Territory,Male,45-49 hours,1914.5
2019,Northern Territory,Male,50-59 hours,1998.5
2019,Northern Territory,Male,60-69 hours,0.0
2019,Northern Territory,Male,70 hours and over,0.0
2019,Northern Territory,Female,1-9 hours,167.7
2019,Northern Territory,Female,10-19 hours,606.8
2019,Northern Territory,Female,20-29 hours,685.8
2019,Northern Territory,Female,30-34 hours,1012.1
2019,Northern Territory,Female,35-39 hours,1250.0
2019,Northern Territory,Female,40-44 hours,1315.0
2019,Northern Territory,Female,45-49 hours,0.0
2019,Northern Territory,Female,50-59 hours,0.0
2019,Northern Territory,Female,60-69 hours,0.0
2019,Northern Territory,Female,70 hours and over,0.0
2019,Australian Capital Territory,Male,1-9 hours,120.0
2019,Australian Capital Territory,Male,10-19 hours,579.0
2019,Australian Capital Territory,Male,20-29 hours,739.6
2019,Australian Capital Territory,Male,30-34 hours,1180.9
2019,Australian Capital Territory,Male,35-39 hours,1800.0
2019,Australian Capital Territory,Male,40-44 hours,1367.8
2019,Australian Capital Territory,Male,45-49 hours,1464.4
2019,Australian Capital Territory,Male,50-59 hours,0.0
2019,Australian Capital Territory,Male,60-69 hours,0.0
2019,Australian Capital Territory,Male,70 hours and over,0.0
2019,Australian Capital Territory,Female,1-9 hours,181.2
2019,Australian Capital Territory,Female,10-19 hours,627.9
2019,Australian Capital Territory,Female,20-29 hours,858.3
2019,Australian Capital Territory,Female,30-34 hours,1103.5
2019,Australian Capital Territory,Female,35-39 hours,1523.8
2019,Australian Capital Territory,Female,40-44 hours,1532.1
2019,Australian Capital Territory,Female,45-49 hours,0.0
2019,Australian Capital Territory,Female,50-59 hours,0.0
2019,Australian Capital Territory,Female,60-69 hours,0.0
2019,Australian Capital Territory,Female,70 hours and over,0.0
2020,New South Wales,Male,1-9 hours,175.0
2020,New South Wales,Male,10-19 hours,585.3
2020,New South Wales,Male,20-29 hours,750.0
2020,New South Wales,Male,30-34 hours,1285.7
2020,New South Wales,Male,35-39 hours,1460.0
2020,New South Wales,Male,40-44 hours,1500.0
2020,New South Wales,Male,45-49 hours,1679.1
2020,New South Wales,Male,50-59 hours,1910.0
2020,New South Wales,Male,60-69 hours,1618.3
2020,New South Wales,Male,70 hours and over,1981.3
2020,New South Wales,Female,1-9 hours,182.0
2020,New South Wales,Female,10-19 hours,624.0
2020,New South Wales,Female,20-29 hours,763.3
2020,New South Wales,Female,30-34 hours,1037.8
2020,New South Wales,Female,35-39 hours,1342.0
2020,New South Wales,Female,40-44 hours,1300.0
2020,New South Wales,Female,45-49 hours,1808.4
2020,New South Wales,Female,50-59 hours,2085.5
2020,New South Wales,Female,60-69 hours,0.0
2020,New South Wales,Female,70 hours and over,0.0
2020,Victoria,Male,1-9 hours,231.0
2020,Victoria,Male,10-19 hours,696.3
2020,Victoria,Male,20-29 hours,822.8
2020,Victoria,Male,30-34 hours,1184.6
2020,Victoria,Male,35-39 hours,1438.4
2020,Victoria,Male,40-44 hours,1534.0
2020,Victoria,Male,45-49 hours,1800.0
2020,Victoria,Male,50-59 hours,2000.0
2020,Victoria,Male,60-69 hours,1549.6
2020,Victoria,Male,70 hours and over,2978.5
2020,Victoria,Female,1-9 hours,240.0
2020,Victoria,Female,10-19 hours,690.0
2020,Victoria,Female,20-29 hours,754.7
2020,Victoria,Female,30-34 hours,1100.0
2020,Victoria,Female,35-39 hours,1332.9
2020,Victoria,Female,40-44 hours,1500.0
2020,Victoria,Female,45-49 hours,1699.6
2020,Victoria,Female,50-59 hours,2560.2
2020,Victoria,Female,60-69 hours,0.0
2020,Victoria,Female,70 hours and over,0.0
2020,Queensland,Male,1-9 hours,127.1
2020,Queensland,Male,10-19 hours,550.0
2020,Queensland,Male,20-29 hours,750.0
2020,Queensland,Male,30-34 hours,1127.6
2020,Queensland,Male,35-39 hours,1263.5
2020,Queensland,Male,40-44 hours,1400.0
2020,Queensland,Male,45-49 hours,1787.4
2020,Queensland,Male,50-59 hours,1923.4
2020,Queensland,Male,60-69 hours,1735.5
2020,Queensland,Male,70 hours and over,2300.0
2020,Queensland,Female,1-9 hours,162.0
2020,Queensland,Female,10-19 hours,600.0
2020,Queensland,Female,20-29 hours,760.2
2020,Queensland,Female,30-34 hours,1069.5
2020,Queensland,Female,35-39 hours,1250.0
2020,Queensland,Female,40-44 hours,1392.0
2020,Queensland,Female,45-49 hours,1367.5
2020,Queensland,Female,50-59 hours,1659.8
2020,Queensland,Female,60-69 hours,0.0
2020,Queensland,Female,70 hours and over,0.0
2020,South Australia,Male,1-9 hours,169.6
2020,South Australia,Male,10-19 hours,517.1
2020,South Australia,Male,20-29 hours,750.0
2020,South Australia,Male,30-34 hours,1108.6
2020,South Australia,Male,35-39 hours,1300.0
2020,South Australia,Male,40-44 hours,1322.8
2020,South Australia,Male,45-49 hours,1435.9
2020,South Australia,Male,50-59 hours,1662.0
2020,South Australia,Male,60-69 hours,2316.6
2020,South Australia,Male,70 hours and over,0.0
2020,South Australia,Female,1-9 hours,175.3
2020,South Australia,Female,10-19 hours,562.0
2020,South Australia,Female,20-29 hours,750.0
2020,South Australia,Female,30-34 hours,1003.1
2020,South Australia,Female,35-39 hours,1234.2
2020,South Australia,Female,40-44 hours,1300.0
2020,South Australia,Female,45-49 hours,1246.9
2020,South Australia,Female,50-59 hours,0.0
2020,South Australia,Female,60-69 hours,0.0
2020,South Australia,Female,70 hours and over,0.0
2020,Western Australia,Male,1-9 hours,133.7
2020,Western Australia,Male,10-19 hours,644.5
2020,Western Australia,Male,20-29 hours,847.8
2020,Western Australia,Male,30-34 hours,1136.7
2020,Western Australia,Male,35-39 hours,1660.8
2020,Western Australia,Male,40-44 hours,1642.7
2020,Western Australia,Male,45-49 hours,1816.1
2020,Western Australia,Male,50-59 hours,1903.5
2020,Western Australia,Male,60-69 hours,2691.2
2020,Western Australia,Male,70 hours and over,3041.0
2020,Western Australia,Female,1-9 hours,175.0
2020,Western Australia,Female,10-19 hours,650.0
2020,Western Australia,Female,20-29 hours,771.1
2020,Western Australia,Female,30-34 hours,950.2
2020,Western Australia,Female,35-39 hours,1400.0
2020,Western Australia,Female,40-44 hours,1429.7
2020,Western Australia,Female,45-49 hours,1449.7
2020,Western Australia,Female,50-59 hours,1512.7
2020,Western Australia,Female,60-69 hours,0.0
2020,Western Australia,Female,70 hours and over,0.0
2020,Tasmania,Male,1-9 hours,139.9
2020,Tasmania,Male,10-19 hours,712.1
2020,Tasmania,Male,20-29 hours,800.0
2020,Tasmania,Male,30-34 hours,988.1
2020,Tasmania,Male,35-39 hours,1270.0
2020,Tasmania,Male,40-44 hours,1388.6
2020,Tasmania,Male,45-49 hours,1925.7
2020,Tasmania,Male,50-59 hours,1764.0
2020,Tasmania,Male,60-69 hours,0.0
2020,Tasmania,Male,70 hours and over,0.0
2020,Tasmania,Female,1-9 hours,141.0
2020,Tasmania,Female,10-19 hours,675.0
2020,Tasmania,Female,20-29 hours,750.0
2020,Tasmania,Female,30-34 hours,1000.0
2020,Tasmania,Female,35-39 hours,1288.3
2020,Tasmania,Female,40-44 hours,1280.9
2020,Tasmania,Female,45-49 hours,0.0
2020,Tasmania,Female,50-59 hours,0.0
2020,Tasmania,Female,60-69 hours,0.0
2020,Tasmania,Female,70 hours and over,0.0
2020,Northern Territory,Male,1-9 hours,0.0
2020,Northern Territory,Male,10-19 hours,500.0
2020,Northern Territory,Male,20-29 hours,746.5
2020,Northern Territory,Male,30-34 hours,1000.0
2020,Northern Territory,Male,35-39 hours,1500.0
2020,Northern Territory,Male,40-44 hours,1400.0
2020,Northern Territory,Male,45-49 hours,1727.8
2020,Northern Territory,Male,50-59 hours,2308.0
2020,Northern Territory,Male,60-69 hours,0.0
2020,Northern Territory,Male,70 hours and over,0.0
2020,Northern Territory,Female,1-9 hours,201.0
2020,Northern Territory,Female,10-19 hours,461.4
2020,Northern Territory,Female,20-29 hours,850.0
2020,Northern Territory,Female,30-34 hours,1028.4
2020,Northern Territory,Female,35-39 hours,1250.0
2020,Northern Territory,Female,40-44 hours,1250.0
2020,Northern Territory,Female,45-49 hours,0.0
2020,Northern Territory,Female,50-59 hours,0.0
2020,Northern Territory,Female,60-69 hours,0.0
2020,Northern Territory,Female,70 hours and over,0.0
2020,Australian Capital Territory,Male,1-9 hours,0.0
2020,Australian Capital Territory,Male,10-19 hours,1120.3
2020,Australian Capital Territory,Male,20-29 hours,919.8
2020,Australian Capital Territory,Male,30-34 hours,1511.8
2020,Australian Capital Territory,Male,35-39 hours,1724.8
2020,Australian Capital Territory,Male,40-44 hours,1500.0
2020,Australian Capital Territory,Male,45-49 hours,1693.3
2020,Australian Capital Territory,Male,50-59 hours,0.0
2020,Australian Capital Territory,Male,60-69 hours,0.0
2020,Australian Capital Territory,Male,70 hours and over,0.0
2020,Australian Capital Territory,Female,1-9 hours,159.4
2020,Australian Capital Territory,Female,10-19 hours,750.0
2020,Australian Capital Territory,Female,20-29 hours,788.0
2020,Australian Capital Territory,Female,30-34 hours,1126.2
2020,Australian Capital Territory,Female,35-39 hours,1585.8
2020,Australian Capital Territory,Female,40-44 hours,1499.5
2020,Australian Capital Territory,Female,45-49 hours,0.0
2020,Australian Capital Territory,Female,50-59 hours,0.0
2020,Australian Capital Territory,Female,60-69 hours,0.0
2020,Australian Capital Territory,Female,70 hours and over,0.0
2021,New South Wales,Male,1-9 hours,176.4
2021,New South Wales,Male,10-19 hours,548.0
2021,New South Wales,Male,20-29 hours,810.8
2021,New South Wales,Male,30-34 hours,1349.1
2021,New South Wales,Male,35-39 hours,1628.7
2021,New South Wales,Male,40-44 hours,1500.0
2021,New South Wales,Male,45-49 hours,1867.7
2021,New South Wales,Male,50-59 hours,2094.9
2021,New South Wales,Male,60-69 hours,1752.1
2021,New South Wales,Male,70 hours and over,3305.2
2021,New South Wales,Female,1-9 hours,180.0
2021,New South Wales,Female,10-19 hours,579.6
2021,New South Wales,Female,20-29 hours,800.0
2021,New South Wales,Female,30-34 hours,1105.5
2021,New South Wales,Female,35-39 hours,1425.0
2021,New South Wales,Female,40-44 hours,1350.0
2021,New South Wales,Female,45-49 hours,1585.1
2021,New South Wales,Female,50-59 hours,1812.6
2021,New South Wales,Female,60-69 hours,0.0
2021,New South Wales,Female,70 hours and over,0.0
2021,Victoria,Male,1-9 hours,160.2
2021,Victoria,Male,10-19 hours,500.0
2021,Victoria,Male,20-29 hours,846.4
2021,Victoria,Male,30-34 hours,1326.2
2021,Victoria,Male,35-39 hours,1500.0
2021,Victoria,Male,40-44 hours,1476.6
2021,Victoria,Male,45-49 hours,1650.0
2021,Victoria,Male,50-59 hours,2000.0
2021,Victoria,Male,60-69 hours,2497.0
2021,Victoria,Male,70 hours and over,0.0
2021,Victoria,Female,1-9 hours,186.0
2021,Victoria,Female,10-19 hours,500.0
2021,Victoria,Female,20-29 hours,768.9
2021,Victoria,Female,30-34 hours,1120.5
2021,Victoria,Female,35-39 hours,1421.1
2021,Victoria,Female,40-44 hours,1304.7
2021,Victoria,Female,45-49 hours,1567.0
2021,Victoria,Female,50-59 hours,1761.7
2021,Victoria,Female,60-69 hours,0.0
2021,Victoria,Female,70 hours and over,0.0
2021,Queensland,Male,1-9 hours,126.5
2021,Queensland,Male,10-19 hours,521.4
2021,Queensland,Male,20-29 hours,752.5
2021,Queensland,Male,30-34 hours,1191.8
2021,Queensland,Male,35-39 hours,1400.0
2021,Queensland,Male,40-44 hours,1444.4
2021,Queensland,Male,45-49 hours,1700.0
2021,Queensland,Male,50-59 hours,1746.2
2021,Queensland,Male,60-69 hours,2200.0
2021,Queensland,Male,70 hours and over,2562.2
2021,Queensland,Female,1-9 hours,171.9
2021,Queensland,Female,10-19 hours,500.0
2021,Queensland,Female,20-29 hours,750.0
2021,Queensland,Female,30-34 hours,1049.4
2021,Queensland,Female,35-39 hours,1229.5
2021,Queensland,Female,40-44 hours,1250.0
2021,Queensland,Female,45-49 hours,1750.0
2021,Queensland,Female,50-59 hours,1902.5
2021,Queensland,Female,60-69 hours,0.0
2021,Queensland,Female,70 hours and over,0.0
2021,South Australia,Male,1-9 hours,133.1
2021,South Australia,Male,10-19 hours,549.8
2021,South Australia,Male,20-29 hours,750.0
2021,South Australia,Male,30-34 hours,1025.7
2021,South Australia,Male,35-39 hours,1326.7
2021,South Australia,Male,40-44 hours,1440.6
2021,South Australia,Male,45-49 hours,1500.0
2021,South Australia,Male,50-59 hours,1815.1
2021,South Australia,Male,60-69 hours,2311.1
2021,South Australia,Male,70 hours and over,2038.0
2021,South Australia,Female,1-9 hours,175.6
2021,South Australia,Female,10-19 hours,511.7
2021,South Australia,Female,20-29 hours,750.0
2021,South Australia,Female,30-34 hours,1040.6
2021,South Australia,Female,35-39 hours,1322.9
2021,South Australia,Female,40-44 hours,1361.3
2021,South Australia,Female,45-49 hours,2055.9
2021,South Australia,Female,50-59 hours,0.0
2021,South Australia,Female,60-69 hours,0.0
2021,South Australia,Female,70 hours and over,0.0
2021,Western Australia,Male,1-9 hours,150.0
2021,Western Australia,Male,10-19 hours,500.0
2021,Western Australia,Male,20-29 hours,779.2
2021,Western Australia,Male,30-34 hours,1380.0
2021,Western Australia,Male,35-39 hours,1538.0
2021,Western Australia,Male,40-44 hours,1600.0
2021,Western Australia,Male,45-49 hours,1898.7
2021,Western Australia,Male,50-59 hours,2100.4
2021,Western Australia,Male,60-69 hours,2864.3
2021,Western Australia,Male,70 hours and over,3000.0
2021,Western Australia,Female,1-9 hours,185.0
2021,Western Australia,Female,10-19 hours,550.8
2021,Western Australia,Female,20-29 hours,750.0
2021,Western Australia,Female,30-34 hours,1083.3
2021,Western Australia,Female,35-39 hours,1349.3
2021,Western Australia,Female,40-44 hours,1493.3
2021,Western Australia,Female,45-49 hours,1566.1
2021,Western Australia,Female,50-59 hours,1703.3
2021,Western Australia,Female,60-69 hours,0.0
2021,Western Australia,Female,70 hours and over,0.0
2021,Tasmania,Male,1-9 hours,146.8
2021,Tasmania,Male,10-19 hours,600.0
2021,Tasmania,Male,20-29 hours,793.1
2021,Tasmania,Male,30-34 hours,900.0
2021,Tasmania,Male,35-39 hours,1245.5
2021,Tasmania,Male,40-44 hours,1248.5
2021,Tasmania,Male,45-49 hours,1512.0
2021,Tasmania,Male,50-59 hours,1721.2
2021,Tasmania,Male,60-69 hours,0.0
2021,Tasmania,Male,70 hours and over,0.0
2021,Tasmania,Female,1-9 hours,137.5
2021,Tasmania,Female,10-19 hours,524.4
2021,Tasmania,Female,20-29 hours,738.0
2021,Tasmania,Female,30-34 hours,954.6
2021,Tasmania,Female,35-39 hours,1215.3
2021,Tasmania,Female,40-44 hours,1200.0
2021,Tasmania,Female,45-49 hours,0.0
2021,Tasmania,Female,50-59 hours,0.0
2021,Tasmania,Female,60-69 hours,0.0
2021,Tasmania,Female,70 hours and over,0.0
2021,Northern Territory,Male,1-9 hours,0.0
2021,Northern Territory,Male,10-19 hours,546.5
2021,Northern Territory,Male,20-29 hours,787.8
2021,Northern Territory,Male,30-34 hours,1203.7
2021,Northern Territory,Male,35-39 hours,1557.9
2021,Northern Territory,Male,40-44 hours,1500.0
2021,Northern Territory,Male,45-49 hours,1838.4
2021,Northern Territory,Male,50-59 hours,2303.6
2021,Northern Territory,Male,60-69 hours,0.0
2021,Northern Territory,Male,70 hours and over,0.0
2021,Northern Territory,Female,1-9 hours,183.4
2021,Northern Territory,Female,10-19 hours,681.1
2021,Northern Territory,Female,20-29 hours,800.0
2021,Northern Territory,Female,30-34 hours,1000.0
2021,Northern Territory,Female,35-39 hours,1519.9
2021,Northern Territory,Female,40-44 hours,1524.1
2021,Northern Territory,Female,45-49 hours,0.0
2021,Northern Territory,Female,50-59 hours,0.0
2021,Northern Territory,Female,60-69 hours,0.0
2021,Northern Territory,Female,70 hours and over,0.0
2021,Australian Capital Territory,Male,1-9 hours,242.6
2021,Australian Capital Territory,Male,10-19 hours,1300.8
2021,Australian Capital Territory,Male,20-29 hours,1100.0
2021,Australian Capital Territory,Male,30-34 hours,1949.9
2021,Australian Capital Territory,Male,35-39 hours,1805.7
2021,Australian Capital Territory,Male,40-44 hours,1751.8
2021,Australian Capital Territory,Male,45-49 hours,2419.2
2021,Australian Capital Territory,Male,50-59 hours,0.0
2021,Australian Capital Territory,Male,60-69 hours,0.0
2021,Australian Capital Territory,Male,70 hours and over,0.0
2021,Australian Capital Territory,Female,1-9 hours,152.2
2021,Australian Capital Territory,Female,10-19 hours,1230.6
2021,Australian Capital Territory,Female,20-29 hours,1000.0
2021,Australian Capital Territory,Female,30-34 hours,1287.2
2021,Australian Capital Territory,Female,35-39 hours,1600.0
2021,Australian Capital Territory,Female,40-44 hours,1799.0
2021,Australian Capital Territory,Female,45-49 hours,0.0
2021,Australian Capital Territory,Female,50-59 hours,0.0
2021,Australian Capital Territory,Female,60-69 hours,0.0
2021,Australian Capital Territory,Female,70 hours and over,0.0
2022,New South Wales,Male,1-9 hours,179.4
2022,New South Wales,Male,10-19 hours,573.4
2022,New South Wales,Male,20-29 hours,800.4
2022,New South Wales,Male,30-34 hours,1304.9
2022,New South Wales,Male,35-39 hours,1584.5
2022,New South Wales,Male,40-44 hours,1500.0
2022,New South Wales,Male,45-49 hours,1800.0
2022,New South Wales,Male,50-59 hours,2057.0
2022,New South Wales,Male,60-69 hours,2314.4
2022,New South Wales,Male,70 hours and over,2496.4
2022,New South Wales,Female,1-9 hours,206.2
2022,New South Wales,Female,10-19 hours,536.8
2022,New South Wales,Female,20-29 hours,788.5
2022,New South Wales,Female,30-34 hours,1108.0
2022,New South Wales,Female,35-39 hours,1444.4
2022,New South Wales,Female,40-44 hours,1400.0
2022,New South Wales,Female,45-49 hours,1545.1
2022,New South Wales,Female,50-59 hours,1722.1
2022,New South Wales,Female,60-69 hours,0.0
2022,New South Wales,Female,70 hours and over,0.0
2022,Victoria,Male,1-9 hours,160.0
2022,Victoria,Male,10-19 hours,544.3
2022,Victoria,Male,20-29 hours,881.8
2022,Victoria,Male,30-34 hours,1259.4
2022,Victoria,Male,35-39 hours,1486.5
2022,Victoria,Male,40-44 hours,1538.6
2022,Victoria,Male,45-49 hours,1825.7
2022,Victoria,Male,50-59 hours,2300.0
2022,Victoria,Male,60-69 hours,2202.9
2022,Victoria,Male,70 hours and over,2227.5
2022,Victoria,Female,1-9 hours,214.0
2022,Victoria,Female,10-19 hours,550.0
2022,Victoria,Female,20-29 hours,804.3
2022,Victoria,Female,30-34 hours,1199.6
2022,Victoria,Female,35-39 hours,1441.2
2022,Victoria,Female,40-44 hours,1536.1
2022,Victoria,Female,45-49 hours,1763.1
2022,Victoria,Female,50-59 hours,2352.8
2022,Victoria,Female,60-69 hours,0.0
2022,Victoria,Female,70 hours and over,0.0
2022,Queensland,Male,1-9 hours,123.1
2022,Queensland,Male,10-19 hours,496.4
2022,Queensland,Male,20-29 hours,838.8
2022,Queensland,Male,30-34 hours,1058.0
2022,Queensland,Male,35-39 hours,1450.7
2022,Queensland,Male,40-44 hours,1500.0
2022,Queensland,Male,45-49 hours,1698.4
2022,Queensland,Male,50-59 hours,2175.9
2022,Queensland,Male,60-69 hours,2112.3
2022,Queensland,Male,70 hours and over,2706.5
2022,Queensland,Female,1-9 hours,148.5
2022,Queensland,Female,10-19 hours,511.0
2022,Queensland,Female,20-29 hours,758.0
2022,Queensland,Female,30-34 hours,1094.0
2022,Queensland,Female,35-39 hours,1400.0
2022,Queensland,Female,40-44 hours,1401.0
2022,Queensland,Female,45-49 hours,1500.0
2022,Queensland,Female,50-59 hours,2128.8
2022,Queensland,Female,60-69 hours,0.0
2022,Queensland,Female,70 hours and over,0.0
2022,South Australia,Male,1-9 hours,163.2
2022,South Australia,Male,10-19 hours,552.3
2022,South Australia,Male,20-29 hours,796.9
2022,South Australia,Male,30-34 hours,1266.6
2022,South Australia,Male,35-39 hours,1329.9
2022,South Australia,Male,40-44 hours,1437.2
2022,South Australia,Male,45-49 hours,1547.6
2022,South Australia,Male,50-59 hours,1554.1
2022,South Australia,Male,60-69 hours,2211.3
2022,South Australia,Male,70 hours and over,0.0
2022,South Australia,Female,1-9 hours,151.6
2022,South Australia,Female,10-19 hours,546.4
2022,South Australia,Female,20-29 hours,767.0
2022,South Australia,Female,30-34 hours,1100.0
2022,South Australia,Female,35-39 hours,1258.7
2022,South Australia,Female,40-44 hours,1400.0
2022,South Australia,Female,45-49 hours,1754.3
2022,South Australia,Female,50-59 hours,0.0
2022,South Australia,Female,60-69 hours,0.0
2022,South Australia,Female,70 hours and over,0.0
2022,Western Australia,Male,1-9 hours,160.0
2022,Western Australia,Male,10-19 hours,575.2
2022,Western Australia,Male,20-29 hours,1000.0
2022,Western Australia,Male,30-34 hours,1345.9
2022,Western Australia,Male,35-39 hours,1663.6
2022,Western Australia,Male,40-44 hours,1776.2
2022,Western Australia,Male,45-49 hours,2211.2
2022,Western Australia,Male,50-59 hours,2185.5
2022,Western Australia,Male,60-69 hours,2539.5
2022,Western Australia,Male,70 hours and over,3000.0
2022,Western Australia,Female,1-9 hours,176.2
2022,Western Australia,Female,10-19 hours,500.0
2022,Western Australia,Female,20-29 hours,763.9
2022,Western Australia,Female,30-34 hours,1020.5
2022,Western Australia,Female,35-39 hours,1350.0
2022,Western Australia,Female,40-44 hours,1426.0
2022,Western Australia,Female,45-49 hours,2086.8
2022,Western Australia,Female,50-59 hours,1595.9
2022,Western Australia,Female,60-69 hours,0.0
2022,Western Australia,Female,70 hours and over,0.0
2022,Tasmania,Male,1-9 hours,225.5
2022,Tasmania,Male,10-19 hours,581.3
2022,Tasmania,Male,20-29 hours,910.8
2022,Tasmania,Male,30-34 hours,991.8
2022,Tasmania,Male,35-39 hours,1381.5
2022,Tasmania,Male,40-44 hours,1350.0
2022,Tasmania,Male,45-49 hours,1768.9
2022,Tasmania,Male,50-59 hours,1644.2
2022,Tasmania,Male,60-69 hours,0.0
2022,Tasmania,Male,70 hours and over,0.0
2022,Tasmania,Female,1-9 hours,187.4
2022,Tasmania,Female,10-19 hours,517.7
2022,Tasmania,Female,20-29 hours,765.6
2022,Tasmania,Female,30-34 hours,1000.0
2022,Tasmania,Female,35-39 hours,1300.0
2022,Tasmania,Female,40-44 hours,1487.2
2022,Tasmania,Female,45-49 hours,0.0
2022,Tasmania,Female,50-59 hours,0.0
2022,Tasmania,Female,60-69 hours,0.0
2022,Tasmania,Female,70 hours and over,0.0
2022,Northern Territory,Male,1-9 hours,0.0
2022,Northern Territory,Male,10-19 hours,401.9
2022,Northern Territory,Male,20-29 hours,1112.0
2022,Northern Territory,Male,30-34 hours,1483.6
2022,Northern Territory,Male,35-39 hours,1565.8
2022,Northern Territory,Male,40-44 hours,1800.0
2022,Northern Territory,Male,45-49 hours,2000.1
2022,Northern Territory,Male,50-59 hours,0.0
2022,Northern Territory,Male,60-69 hours,0.0
2022,Northern Territory,Male,70 hours and over,1463.9
2022,Northern Territory,Female,1-9 hours,0.0
2022,Northern Territory,Female,10-19 hours,805.9
2022,Northern Territory,Female,20-29 hours,917.8
2022,Northern Territory,Female,30-34 hours,943.4
2022,Northern Territory,Female,35-39 hours,1500.0
2022,Northern Territory,Female,40-44 hours,1630.9
2022,Northern Territory,Female,45-49 hours,0.0
2022,Northern Territory,Female,50-59 hours,0.0
2022,Northern Territory,Female,60-69 hours,0.0
2022,Northern Territory,Female,70 hours and over,0.0
2022,Australian Capital Territory,Male,1-9 hours,279.8
2022,Australian Capital Territory,Male,10-19 hours,1136.7
2022,Australian Capital Territory,Male,20-29 hours,991.5
2022,Australian Capital Territory,Male,30-34 hours,1811.3
2022,Australian Capital Territory,Male,35-39 hours,1931.0
2022,Australian Capital Territory,Male,40-44 hours,1709.7
2022,Australian Capital Territory,Male,45-49 hours,2000.7
2022,Australian Capital Territory,Male,50-59 hours,0.0
2022,Australian Capital Territory,Male,60-69 hours,0.0
2022,Australian Capital Territory,Male,70 hours and over,0.0
2022,Australian Capital Territory,Female,1-9 hours,313.2
2022,Australian Capital Territory,Female,10-19 hours,698.2
2022,Australian Capital Territory,Female,20-29 hours,1008.9
2022,Australian Capital Territory,Female,30-34 hours,1250.0
2022,Australian Capital Territory,Female,35-39 hours,1606.3
2022,Australian Capital Territory,Female,40-44 hours,2100.0
2022,Australian Capital Territory,Female,45-49 hours,0.0
2022,Australian Capital Territory,Female,50-59 hours,0.0
2022,Australian Capital Territory,Female,60-69 hours,0.0
2022,Australian Capital Territory,Female,70 hours and over,0.0
2023,New South Wales,Male,1-9 hours,187.3
2023,New South Wales,Male,10-19 hours,639.0
2023,New South Wales,Male,20-29 hours,857.8
2023,New South Wales,Male,30-34 hours,1346.8
2023,New South Wales,Male,35-39 hours,1700.0
2023,New South Wales,Male,40-44 hours,1600.0
2023,New South Wales,Male,45-49 hours,1933.0
2023,New South Wales,Male,50-59 hours,2298.7
2023,New South Wales,Male,60-69 hours,2318.1
2023,New South Wales,Male,70 hours and over,2459.1
2023,New South Wales,Female,1-9 hours,195.0
2023,New South Wales,Female,10-19 hours,600.0
2023,New South Wales,Female,20-29 hours,823.9
2023,New South Wales,Female,30-34 hours,1263.2
2023,New South Wales,Female,35-39 hours,1561.3
2023,New South Wales,Female,40-44 hours,1550.0
2023,New South Wales,Female,45-49 hours,1954.4
2023,New South Wales,Female,50-59 hours,2500.0
2023,New South Wales,Female,60-69 hours,0.0
2023,New South Wales,Female,70 hours and over,0.0
2023,Victoria,Male,1-9 hours,150.5
2023,Victoria,Male,10-19 hours,518.3
2023,Victoria,Male,20-29 hours,948.7
2023,Victoria,Male,30-34 hours,1291.5
2023,Victoria,Male,35-39 hours,1605.7
2023,Victoria,Male,40-44 hours,1720.2
2023,Victoria,Male,45-49 hours,1706.7
2023,Victoria,Male,50-59 hours,2244.1
2023,Victoria,Male,60-69 hours,2476.7
2023,Victoria,Male,70 hours and over,3000.0
2023,Victoria,Female,1-9 hours,199.1
2023,Victoria,Female,10-19 hours,574.6
2023,Victoria,Female,20-29 hours,888.8
2023,Victoria,Female,30-34 hours,1221.5
2023,Victoria,Female,35-39 hours,1505.5
2023,Victoria,Female,40-44 hours,1500.0
2023,Victoria,Female,45-49 hours,2248.1
2023,Victoria,Female,50-59 hours,2308.7
2023,Victoria,Female,60-69 hours,0.0
2023,Victoria,Female,70 hours and over,0.0
2023,Queensland,Male,1-9 hours,172.5
2023,Queensland,Male,10-19 hours,526.9
2023,Queensland,Male,20-29 hours,842.8
2023,Queensland,Male,30-34 hours,1460.7
2023,Queensland,Male,35-39 hours,1600.0
2023,Queensland,Male,40-44 hours,1600.0
2023,Queensland,Male,45-49 hours,1902.5
2023,Queensland,Male,50-59 hours,2000.0
2023,Queensland,Male,60-69 hours,2201.6
2023,Queensland,Male,70 hours and over,2191.0
2023,Queensland,Female,1-9 hours,160.0
2023,Queensland,Female,10-19 hours,671.6
2023,Queensland,Female,20-29 hours,883.6
2023,Queensland,Female,30-34 hours,1100.0
2023,Queensland,Female,35-39 hours,1382.2
2023,Queensland,Female,40-44 hours,1535.1
2023,Queensland,Female,45-49 hours,1542.8
2023,Queensland,Female,50-59 hours,0.0
2023,Queensland,Female,60-69 hours,0.0
2023,Queensland,Female,70 hours and over,0.0
2023,South Australia,Male,1-9 hours,188.9
2023,South Australia,Male,10-19 hours,600.0
2023,South Australia,Male,20-29 hours,900.0
2023,South Australia,Male,30-34 hours,1150.0
2023,South Australia,Male,35-39 hours,1500.0
2023,South Australia,Male,40-44 hours,1450.0
2023,South Australia,Male,45-49 hours,1750.0
2023,South Australia,Male,50-59 hours,1879.1
2023,South Australia,Male,60-69 hours,0.0
2023,South Australia,Male,70 hours and over,0.0
2023,South Australia,Female,1-9 hours,176.3
2023,South Australia,Female,10-19 hours,600.2
2023,South Australia,Female,20-29 hours,863.6
2023,South Australia,Female,30-34 hours,1121.5
2023,South Australia,Female,35-39 hours,1495.0
2023,South Australia,Female,40-44 hours,1428.2
2023,South Australia,Female,45-49 hours,0.0
2023,South Australia,Female,50-59 hours,0.0
2023,South Australia,Female,60-69 hours,0.0
2023,South Australia,Female,70 hours and over,0.0
2023,Western Australia,Male,1-9 hours,227.6
2023,Western Australia,Male,10-19 hours,480.1
2023,Western Australia,Male,20-29 hours,856.9
2023,Western Australia,Male,30-34 hours,1500.0
2023,Western Australia,Male,35-39 hours,1700.8
2023,Western Australia,Male,40-44 hours,1700.0
2023,Western Australia,Male,45-49 hours,1880.5
2023,Western Australia,Male,50-59 hours,2321.1
2023,Western Australia,Male,60-69 hours,2691.8
2023,Western Australia,Male,70 hours and over,3560.7
2023,Western Australia,Female,1-9 hours,180.0
2023,Western Australia,Female,10-19 hours,621.6
2023,Western Australia,Female,20-29 hours,799.0
2023,Western Australia,Female,30-34 hours,1200.0
2023,Western Australia,Female,35-39 hours,1460.3
2023,Western Australia,Female,40-44 hours,1566.2
2023,Western Australia,Female,45-49 hours,1927.7
2023,Western Australia,Female,50-59 hours,2177.5
2023,Western Australia,Female,60-69 hours,0.0
2023,Western Australia,Female,70 hours and over,0.0
2023,Tasmania,Male,1-9 hours,151.3
2023,Tasmania,Male,10-19 hours,650.0
2023,Tasmania,Male,20-29 hours,1010.9
2023,Tasmania,Male,30-34 hours,1180.9
2023,Tasmania,Male,35-39 hours,1599.0
2023,Tasmania,Male,40-44 hours,1347.2
2023,Tasmania,Male,45-49 hours,1603.5
2023,Tasmania,Male,50-59 hours,1482.3
2023,Tasmania,Male,60-69 hours,0.0
2023,Tasmania,Male,70 hours and over,0.0
2023,Tasmania,Female,1-9 hours,171.2
2023,Tasmania,Female,10-19 hours,569.8
2023,Tasmania,Female,20-29 hours,894.3
2023,Tasmania,Female,30-34 hours,1084.4
2023,Tasmania,Female,35-39 hours,1464.3
2023,Tasmania,Female,40-44 hours,1430.9
2023,Tasmania,Female,45-49 hours,0.0
2023,Tasmania,Female,50-59 hours,0.0
2023,Tasmania,Female,60-69 hours,0.0
2023,Tasmania,Female,70 hours and over,0.0
2023,Northern Territory,Male,1-9 hours,0.0
2023,Northern Territory,Male,10-19 hours,775.4
2023,Northern Territory,Male,20-29 hours,1000.0
2023,Northern Territory,Male,30-34 hours,1004.9
2023,Northern Territory,Male,35-39 hours,1630.6
2023,Northern Territory,Male,40-44 hours,1800.0
2023,Northern Territory,Male,45-49 hours,2145.4
2023,Northern Territory,Male,50-59 hours,2418.4
2023,Northern Territory,Male,60-69 hours,0.0
2023,Northern Territory,Male,70 hours and over,0.0
2023,Northern Territory,Female,1-9 hours,120.0
2023,Northern Territory,Female,10-19 hours,1000.0
2023,Northern Territory,Female,20-29 hours,800.0
2023,Northern Territory,Female,30-34 hours,1249.3
2023,Northern Territory,Female,35-39 hours,1450.8
2023,Northern Territory,Female,40-44 hours,1577.9
2023,Northern Territory,Female,45-49 hours,0.0
2023,Northern Territory,Female,50-59 hours,0.0
2023,Northern Territory,Female,60-69 hours,0.0
2023,Northern Territory,Female,70 hours and over,0.0
2023,Australian Capital Territory,Male,1-9 hours,100.0
2023,Australian Capital Territory,Male,10-19 hours,787.0
2023,Australian Capital Territory,Male,20-29 hours,1150.0
2023,Australian Capital Territory,Male,30-34 hours,1449.7
2023,Australian Capital Territory,Male,35-39 hours,1780.8
2023,Australian Capital Territory,Male,40-44 hours,1750.0
2023,Australian Capital Territory,Male,45-49 hours,1656.0
2023,Australian Capital Territory,Male,50-59 hours,0.0
2023,Australian Capital Territory,Male,60-69 hours,0.0
2023,Australian Capital Territory,Male,70 hours and over,0.0
2023,Australian Capital Territory,Female,1-9 hours,200.0
2023,Australian Capital Territory,Female,10-19 hours,853.1
2023,Australian Capital Territory,Female,20-29 hours,1001.0
2023,Australian Capital Territory,Female,30-34 hours,1500.4
2023,Australian Capital Territory,Female,35-39 hours,1702.0
2023,Australian Capital Territory,Female,40-44 hours,1643.4
2023,Australian Capital Territory,Female,45-49 hours,0.0
2023,Australian Capital Territory,Female,50-59 hours,0.0
2023,Australian Capital Territory,Female,60-69 hours,0.0
2023,Australian Capital Territory,Female,70 hours and over,0.0
